"","solID","mape","decomp.rssd","nrmse","nrmse_test","nrmse_train","nrmse_val","facebook_I_thetas","newsletter_thetas","ooh_S_thetas","print_S_thetas","search_clicks_P_thetas","tv_S_thetas","facebook_I_alphas","newsletter_alphas","ooh_S_alphas","print_S_alphas","search_clicks_P_alphas","tv_S_alphas","facebook_I_gammas","newsletter_gammas","ooh_S_gammas","print_S_gammas","search_clicks_P_gammas","tv_S_gammas","cluster","n","top_sol"
"1","1_258_3",0,0.23025842885912,0.0523331468120621,0.0486281266925321,0.0562613177156742,0.0523331468120621,0.614513198818484,0.287304683800895,0.590772923317879,0.204871302317044,0.227672870128296,0.304238262480924,0.328855964139318,0.13076535044793,0.190565034940713,0,0.277856414017657,0.855260554724935,0.199179963150901,0.907978357071588,0.0228697541656454,0.982961870111138,0.273690910916288,0.450099483764905,7,13,FALSE
"2","2_131_4",0,0.201540431483848,0.0754795566927217,0.0378978216420661,0.0530789097895906,0.0754795566927217,0.884156076602611,0.48861559591254,0,0.729655276536635,0.0216509260244668,0.00107064717384396,0.569866392284848,0.620283713532493,0.0333360181004751,0.930401772101496,0.764302836071489,0.760604407022631,0.696419509080946,0.820957954067155,0.588218839180069,0.918205060597746,0.929388814445326,1,1,6,TRUE
"3","2_206_1",0,0.207636885058965,0.0604196890886217,0.0486667237222277,0.0529770604293019,0.0604196890886217,0.733848738266555,0.556430983968919,0.754213388571799,0.629401326771312,0.0580919134686926,0.236026117092635,0.528438766474113,1,0.496472854711733,0.751643396587633,0.754623787737931,0.884600781405905,0.988637602116376,0.762576983686296,0.385402484686736,0.904036716661729,0.607601409101115,0.727585198431556,1,6,FALSE
"4","2_210_3",0,0.203440356129277,0.0770593363959415,0.0388182920360772,0.0530194822928636,0.0770593363959415,0.352006639377862,0.556430983968919,0.754213388571799,0.629401326771312,0,0.159696553385279,0.437607291825907,1,0.496472854711733,0.751643396587633,0.754623787737931,0.726019920495638,0.975459196790276,0.762576983686296,0.385402484686736,0.904036716661729,0.999122818398079,0.905147313001264,1,6,FALSE
"5","2_233_1",0,0.24137906951244,0.0483488193998785,0.0478545196172894,0.0530902255280128,0.0483488193998785,0.71311236313334,0.861714017927134,0.798615190379167,0.244124128623533,0.186722065476545,0.170516923115707,0.599451464572707,0.111462920603301,0.00404222660224608,0.509834005680487,0.887615276885829,0.796648593323824,0.694135265525463,0.326592618598049,0.737426530632986,0.664763089769097,0.96985752048528,0.90407058779794,1,6,FALSE
"6","2_250_5",0,0.224363711178319,0.0525415382963115,0.048154880683439,0.0527129609780044,0.0525415382963115,0.900429419762494,0.96851186605406,0.96778760541668,0.0194151160340128,0.159154955659457,0.146021719530307,0.459010595872175,0.92368156490282,0.115237345899599,0.304623437045593,0.870048398983669,0.77702821858023,0.676440208892877,0.711112987105095,0.583741461021535,0.875605184614196,0.941614113605521,0.91788199296451,1,6,FALSE
"7","2_285_2",0,0.199618313120332,0.0591263261711631,0.0478159679517915,0.0527650783729998,0.0591263261711631,0.731427114153116,0.97015432932022,0.787749830890069,0.315260063683016,0.0712025721848669,0.134553737546813,0.503069290932086,0.327775584321311,0.0660854273429751,0.616186271620026,0.86757001331934,0.74167353117562,0.796036509974259,0.164836678804978,0.540046223632628,0.834950557599344,0.81720230252779,0.893004070040028,1,6,FALSE
"8","3_193_6",0,0.589712021804565,0.0383709550043916,0.0468835813819622,0.0510233656614031,0.0383709550043916,0.183472125825024,0.497003674859619,0.901327165265247,0.206208651728108,0.525637182107583,0.0348946392037994,0.719501005176007,0.0824631752868553,0.0064865060320081,0.763483514121633,0.419568251390382,0,0.377947307477638,0.615585183735132,0.295647610065525,0.200961578439534,0.352199227192354,0.135596608720916,6,11,FALSE
"9","3_202_4",0,0.528366627156688,0.0383097429221537,0.0476879487264344,0.0508259404758216,0.0383097429221537,0.787966519361498,0.612983652763931,0.612506598291705,0.0983790067900415,0.145996035609988,0.348741800084746,1,0.0529972420704444,0.757758629895867,0.572482741813247,0.0995562849205859,0.492403386226295,0.422611590512273,0.00998511690515772,0.209022202311207,0.603557362249244,0.530662130024012,0.0148437269907423,6,11,FALSE
"10","3_206_5",0,0.589908977768949,0.0383032245126485,0.0468598799746281,0.0510667682350532,0.0383032245126485,0.50968176371552,0.419074202673995,0.901327165265247,0.206208651728108,0.525637182107583,0.0348946392037994,0.719501005176007,0.118588576441421,0.0064865060320081,0.763483514121633,0.419568251390382,0,0.377947307477638,0.213325455959349,0.295647610065525,0.200961578439534,0.352199227192354,0.135596608720916,6,11,FALSE
"11","3_207_2",0,0.225730999755314,0.0523541055814724,0.0540154326446215,0.0537763100860681,0.0523541055814724,0.677072496685812,0.560310242385526,0.809441239253486,0.0531765082316357,0.06312344464859,0.202130736490933,0.511024345875905,0.63166048097283,0.083334339534454,0.510281729980485,0.338358693110602,0.485094078614745,0.381284063957274,0.792230967787189,0.522189868690113,0.586045821726366,0.859314780356149,0.970512586622232,6,11,FALSE
"12","3_211_4",0,0.224460964969621,0.052478214504037,0.0541066931004532,0.0537952271654865,0.052478214504037,0.677072496685812,0.560310242385526,0.761558583289147,0.0529362635801676,0.06312344464859,0.202130736490933,0.511024345875905,0.63166048097283,0.083334339534454,0.497541767073435,0.338358693110602,0.485094078614745,0.381284063957274,0.792230967787189,0.420840653823697,0.440786289732003,0.859314780356149,0.970512586622232,6,11,FALSE
"13","3_215_6",0,0.230920403847907,0.0519640846517025,0.0541294003369744,0.0539393646217586,0.0519640846517025,0.677072496685812,0.560310242385526,0.761558583289147,0.0529362635801676,0.06312344464859,0.202130736490933,0.511024345875905,0.41364274286546,0.083334339534454,0.497541767073435,0.338358693110602,0.485094078614745,0.381284063957274,0.591264334429234,0.420840653823697,0.440786289732003,0.859314780356149,0.970512586622232,6,11,FALSE
"14","3_231_1",0,0.22282921015323,0.0527219997898178,0.0551506020466782,0.0546279120169481,0.0527219997898178,0.667586693468105,0.583616109259656,0.792029529886018,0.10162268726387,0.110238965411961,0.385492416531443,0.555676665179359,0.381391192747987,0.0997333045535204,0.462220984153125,0.324495495342904,0.736263558535862,0.383377662481307,0.520717203588193,0.464073223383321,0.239543049987521,0.744444197815148,0.687957550049366,6,11,FALSE
"15","3_244_5",0,0.237330316283678,0.0510583722507952,0.0546672226152529,0.0538117746785477,0.0510583722507952,0.646455004460286,0.530348279433295,0.840614798630974,0,0.191865947087966,0.347652632879023,0.668163364371799,0.0833368777265141,0.159802615929549,0.642883446176494,0.362116713270714,0.50079056487207,0.424224286740473,0.261057173822225,0.075678833786132,0.522216828882659,0.90356168622637,0.754293025080598,6,11,FALSE
"16","3_275_3",0,0.310875803806783,0.0433070782379541,0.0489341093975582,0.0520959615923701,0.0433070782379541,0.452261049130864,0.519763781654526,0.97067166620008,0.294180484915388,0.747248333442875,0.263704798409132,0.957717721413289,0.192057387466656,0.102304535546342,0.905505292637045,0.467807729085517,0.488558526378349,0.441180184452484,0.203850981588504,0.221307322747862,0.177894364947255,0.303619610710008,0.605553675184371,6,11,TRUE
"17","3_278_6",0,0.195359220961598,0.0530150633762137,0.0564540623060897,0.0550687528223447,0.0530150633762137,0.478772260057541,0.960589841917211,0.851344672694112,0.0967369611152846,0.0554919238062291,0.549220312578037,0.476327463928195,0.512039527128791,0.359478290280053,0.181092465918418,0.110377560991532,0.788180495023619,0.3918222220657,0.635878030660299,0.109266098165774,0.228619935086796,0.728992816957137,0.630836073031872,6,11,FALSE
"18","3_282_2",0,0.207525295223076,0.0536374190365679,0.0576770296164219,0.0562598779717532,0.0536374190365679,0.468019692700662,0.673213768350391,0.944769088591416,0.127480424122563,0.142432271825425,1,0.359241488271202,0.11202847149753,0.00160643652820144,0.210021915609139,0.170992888447168,0.99081338029581,0.345660606034529,0.331022759865537,0.0155610735984513,0.0387149293730652,0.886851717665662,0.778781510760638,6,11,FALSE
"19","4_124_1",0,0.218667906894535,0.0544620445006546,0.0490896425945732,0.0567188241797384,0.0544620445006546,0.761758389873885,0.158640487772344,0.572287175725594,0.219764123666215,0.815388056517384,0.245258314489961,0.112708933097882,0.151084809522858,0.155886963265125,0.277671084921694,0.171857586673346,0.903562241684546,0.411314736832345,0.910017546653348,0.37350857158237,0.779393869767917,0.0921682128762274,0.879498051398822,7,13,FALSE
"20","4_181_4",0,0.213869571155455,0.0532614892214317,0.0495100721424079,0.0573168519449096,0.0532614892214317,0.996195973063936,0.0129704851057492,0.674715185982229,0.180116729713988,0.803473246610073,0.290888828019033,0.147657811592148,0.168883216574515,0.196497213862158,0.209533920502239,0.0639791878894055,0.983871725229213,1,0.962401141038978,0.47061195454905,0.827082539549545,0.214202072838731,0.815275796821955,7,13,FALSE
"21","4_208_2",0,0.216914996530773,0.0524557637114465,0.0489278842682391,0.0571619434038673,0.0524557637114465,0.762918397311151,0.0503460369690395,0.685244163286553,0.196137778670564,0.796199864530277,0.29339485491658,0.241339998878721,0.0891599690644546,0.162504313327433,0.226933200025031,0.068643501045358,0.942188666017471,0.360691303220667,0.960348090355604,0.469896373195763,0.804264704032385,0.231623215933319,0.843540801070319,7,13,FALSE
"22","4_216_1",0,0.184797005594856,0.0533652599114253,0.0506570229257343,0.0577863509840055,0.0533652599114253,0.587735039448821,0,0.4343161648255,0.148341869860767,0.790543824243316,0.298087393787304,0.617056983645524,0.0479937305274293,0,0.441575768498376,0,0.960648215853142,0.0114415074270998,0.914954448910281,0.294622124025999,0.714663819558146,0.315240624192633,0.933835218521415,7,13,FALSE
"23","4_224_5",0,0.204265460422952,0.0533435434276544,0.0515868733548146,0.0577553315874585,0.0533435434276544,0.587735039448821,0.256749172098459,0.326984019801522,0.284485992679037,0.790543824243316,0.298087393787304,0.617056983645524,0.0479937305274293,0.835904068798286,0.602514702980611,0,0.960648215853142,0.0114415074270998,0.914954448910281,0.211189753330621,0.831665539307454,0.315240624192633,0.933835218521415,7,13,FALSE
"24","4_247_1",0,0.227273329299736,0.0512973241663214,0.0487938811277145,0.057048895989493,0.0512973241663214,0.559454263278149,0.243625502159717,0.758419314597053,0.338670771149115,0.643910616209177,0.27554118127576,0.459576329029165,0,1,0.8825007599013,0.21431497887661,0.847366084112557,0.163150346580732,0.985443445450523,0.452820080884684,0.915512439220027,0.119143808760261,0.790543599242429,7,13,FALSE
"25","4_247_6",0,0.205912962351442,0.0518062382227001,0.0489264156701167,0.0571456292085954,0.0518062382227001,0.656483198843393,0.0994805367893826,0.366172589370696,0.379065849716985,0.780995777581467,0.123209194065823,0.204541202773093,0.0817151828027841,0.16900228385605,0.554402622747505,0.191485178277867,0.934386299019896,0.391153240253736,0.810927053855237,0.336473879969402,1,0.0890034237175424,0.546993223069363,7,13,FALSE
"26","4_249_4",0,0.230800017677082,0.0522942538192638,0.050042349612504,0.0572153033134128,0.0522942538192638,0.912069141045762,0.132601993733006,0.885612272388558,0.252388078093232,0.652370574118222,0.0296221041602048,0.280784307414558,0.160727795243562,0.647461641738027,0.296846591808643,0.0423400197930788,0.916406062787935,0.397801964292446,1,0.434876032674978,0.811342702170169,0.192498092549901,0.572684353094213,7,13,FALSE
"27","4_250_7",0,0.219580917169924,0.0528102464854473,0.0504502163622794,0.0573628105383597,0.0528102464854473,0.725556123163995,0.213460257932604,0.616977756694249,0.132391906447501,0.794597340067835,0.187605692441088,0.114366689571295,0.0419098915600397,0.533856112072619,0.442944246364205,0.104435713670608,0.980026658494007,0.108986615837763,0.857339714540487,0.312722651683366,0.974258021433289,0.0175801890546763,0.811623165445669,7,13,FALSE
"28","4_266_3",0,0.207766251416628,0.0594989225134812,0.0625150371073396,0.0615359296940002,0.0594989225134812,0.784395415207037,0.722084497366458,0.59472928050312,0.0814024445843066,0.61356590600312,0.180234433287297,0.631694284927229,0.0772435131930313,0.565472597160061,0.942652061010244,0.00619460511171083,0.941660502809015,0.198857904342226,0.748425101358739,0.19497330949448,0.784728014068364,0.0145424731444833,0.843712486352493,7,13,FALSE
"29","4_269_2",0,0.211457465581757,0.0516667855578883,0.0487970996353854,0.0570925948068428,0.0516667855578883,0.589937198488632,0.0994805367893826,0.366172589370696,0.379065849716985,0.780995777581467,0.123209194065823,0.172862739701188,0.0817151828027841,0.16900228385605,0.554402622747505,0.191485178277867,0.934386299019896,0.182402315041695,0.810927053855237,0.336473879969402,1,0.0890034237175424,0.546993223069363,7,13,FALSE
"30","4_282_1",0,0.221204855520884,0.0510916080095795,0.0482753584965942,0.0571115399705574,0.0510916080095795,0.512314049993287,0.0994805367893826,0.366172589370696,0.379065849716985,0.671327648462545,0.245074783882886,0.376890840634861,0.0163430365705123,0.16900228385605,0.554402622747505,0.191485178277867,0.864770127162872,0,0.810927053855237,0.336473879969402,1,0.0890034237175424,0.741833524048224,7,13,TRUE
"31","5_185_4",0,0.306097705011576,0.0434791660300244,0.0506468264114376,0.0514655166519171,0.0434791660300244,0.771437666157765,0.973964265399597,0.838622606684195,0.500017011690614,0.173744412336604,0.398434127237789,0.312654667056002,0.23200964260466,0.110029680386669,0.894906262371104,0.747877132314784,0.799810625729526,0.77164596371595,0.827312207033178,0.999210600171146,0.294252262079064,0.603704267906193,0.000360002523350372,8,25,FALSE
"32","5_185_7",0,0.324685736445343,0.0415977901984789,0.0489039838566859,0.0521765432404205,0.0415977901984789,0.516103735618688,0.856649745943175,0.794101758709563,0.780935642487272,0.237378471984944,0.647441556598834,0.130951807436935,0.220944268616505,0.18762086545686,0.872904915138703,0.758527815559198,0.837853962933735,0.759868383078377,0.613562797042248,0.660933786516001,0.515367845613417,0.610091645889542,0.00783109356180562,8,25,FALSE
"33","5_210_2",0,0.367071621181217,0.0387744451690922,0.0471830728220097,0.05113640387005,0.0387744451690922,0.396986828126975,0.793609619028618,0.767127294748596,0.69646014359463,0.0572103735266761,0.110223079891778,0.270220206584152,0.228324614977409,0.00156372930805586,0.965707274494742,0.527866096829232,0.755095139399049,0.731887742223016,0.284606947552877,0.485280281971068,0.138477410950846,0.340762956726679,0.00338533550785013,2,11,FALSE
"34","5_210_5",0,0.306001691839153,0.0435354064501048,0.0513525729197897,0.05233125161489,0.0435354064501048,0.99738886236582,0.98275259706447,0.930541318907827,0.74722434314566,0.79687762758381,0.441096485942047,0.232224645121664,0.180110532088693,0.261548485027943,0.874370822710241,0.693468092048556,0.800623727887618,0.761546634743279,0.94816735357893,0.699421409622378,0.463972124669805,0.22695053956449,0.0293977654529057,4,14,FALSE
"35","5_214_4",0,0.367071621181217,0.0387744451690922,0.0471830728220097,0.05113640387005,0.0387744451690922,0.396986828126975,0.793609619028618,0.767127294748596,0.69646014359463,0.0572103735266761,0.110223079891778,0.309283900716972,0.228324614977409,0.00156372930805586,0.965707274494742,0.527866096829232,0.755095139399049,0.748301617948782,0.284606947552877,0.485280281971068,0.138477410950846,0.340762956726679,0.00338533550785013,2,11,FALSE
"36","5_218_7",0,0.300379962463265,0.0423709283849086,0.0489372045755011,0.0521660769939227,0.0423709283849086,0.896393647282785,0.974000362314024,0.865070638488134,0.915493606353993,0.863507012806604,0.377035468717537,0.331893904723227,0.215941309534156,0.0276914033639129,0.912675248011948,0.633485779522063,0.784011741294226,0.716849658625185,0.551705107078486,0.772801254944493,0.0946247567597725,0.564320748428728,0.00247584729740158,4,14,TRUE
"37","5_223_2",0,0.30023033657621,0.0423563737491057,0.0489637825656124,0.0521666370701894,0.0423563737491057,0.896393647282785,0.985327732684014,0.865070638488134,0.915493606353993,0.863507012806604,0.377035468717537,0.331893904723227,0.215941309534156,0.0276914033639129,0.912675248011948,0.633485779522063,0.784011741294226,0.716849658625185,0.551705107078486,0.772801254944493,0.0946247567597725,0.564320748428728,0.00247584729740158,4,14,FALSE
"38","5_226_4",0,0.327754872731151,0.0423956404858961,0.049911761391109,0.0519332711016918,0.0423956404858961,0.407936637264895,0.924332787015453,0.864860759691854,0.645094543014798,0.216766381494526,0.507205412417955,0,0.220171954124621,0.327140573055405,0.895071835266119,0.88147995581117,0.827861272254886,0.718299394404906,0.894401435476123,0.966173351304656,0.610839447552342,0.404416287457255,0.0108784812729707,8,25,FALSE
"39","5_227_3",0,0.29840471619946,0.043997975231838,0.0512540352532581,0.0525626405334216,0.043997975231838,0.0290597299544902,0.793609619028618,0.767127294748596,0.752749645316056,0.563557493224729,0.48776068266293,0.120322072641398,0.228324614977409,0.00156372930805586,0.965707274494742,0.595528724640027,0.806207955940478,0.7126471054121,0.284606947552877,0.485280281971068,0.188926149590535,0.471527707658705,0.00695956992245869,5,7,FALSE
"40","5_227_4",0,0.292379945058036,0.0427705393730186,0.0495336001929278,0.0515021836460604,0.0427705393730186,0.896393647282785,0.985327732684014,0.721060571558997,0.776023509019879,0.883562344996917,0.071462601326517,0.331893904723227,0.215941309534156,0.0276914033639129,0.911276205186011,0.616082102165444,0.785173115950824,0.716849658625185,0.551705107078486,0.772801254944493,0.188729409307946,0.777950168222589,0,4,14,FALSE
"41","5_231_5",0,0.362496786380291,0.0389483719880903,0.046216953741051,0.0514010085675291,0.0389483719880903,0,0.653879531745937,0.656384266260821,0.852543763769509,0.0572103735266761,0.110223079891778,0.282568969998681,0.313556407916123,0.0249782101467745,0.970825794741286,0.527866096829232,0.755095139399049,0.751300344738145,0.100688540734824,0.099391011628288,0.100837608422649,0.340762956726679,0.00338533550785013,2,11,FALSE
"42","5_232_3",0,0.317715076491495,0.0416857348627445,0.0505678779818683,0.051517768783944,0.0416857348627445,0.774979664713712,0.966650254070323,0.645303230922308,0.462973773704192,0.0634880079100093,0.328355335962231,0.258968264784157,0.15992481450566,0.343646147604986,0.962267099832106,0.599298850702267,0.762606979196051,0.733188736086891,0.585311540832276,0.552071012697111,0.184962977764768,0.434042661538082,0.00582592725523658,8,25,FALSE
"43","5_235_7",0,0.368531865832949,0.0383904371544484,0.0459471000533581,0.0513309979408604,0.0383904371544484,0.396986828126975,0.793609619028618,0.799814772103788,0.975816580411071,0.153414476878304,0.110223079891778,0.270220206584152,0.228324614977409,0.00156372930805586,0.876761603126372,0.429283642973353,0.755095139399049,0.731887742223016,0.284606947552877,0.485280281971068,0.316066264333694,0.55234294700297,0.00338533550785013,2,11,FALSE
"44","5_237_2",0,0.266548218320558,0.0444515923502035,0.0519700415343755,0.0516619538440611,0.0444515923502035,0.933889712641605,0.997618934492184,0.981684328441016,0.369569689655143,0.913756949483457,0.104040965122945,0.359292824271326,0.209359191846798,0.0921418077047664,0.945822013805164,0.681442427402381,0.818475830566386,0.805238287667053,0.92672297256646,0.93676028126666,0.287753813994993,0.299329615093458,0.0242363474230826,4,14,FALSE
"45","5_242_4",0,0.324524822334654,0.0425048379698245,0.0501471327043488,0.0513760282478557,0.0425048379698245,0.647284300371823,0.977650136927479,0.93293558750167,0.438926896475803,0.62907686434398,0.134138064099814,0.236625589479077,0.19498132818368,0.00574907167991609,1,0.711665870575499,0.778168152235266,0.669390450136055,0.864599181886376,0.756304984359281,0.043619064519061,0.293438224160559,0.0203760777759937,3,13,FALSE
"46","5_243_7",0,0.431337548933512,0.0383912909021638,0.0470201219976705,0.0513121201248268,0.0383912909021638,0.918779544555333,0.748765998298857,0.752076041307929,0.779240201902307,0.991371222363235,0.267156988729744,0.33624302001042,0.129407163548852,0.39763019211083,0.993423949656414,0.42588413470912,0.718778111258239,0.68286839041495,0.320416871062891,0.581170968028478,0.521720136239943,0.390936437883402,0.00619523012030921,4,14,FALSE
"47","5_244_4",0,0.368160267621598,0.0386504493360026,0.0462271727204374,0.0513140197870201,0.0386504493360026,0.396986828126975,0.793609619028618,0.824229868835449,0.90263535672028,0.153414476878304,0.110223079891778,0.270220206584152,0.228324614977409,0.00156372930805586,0.827959243110053,0.367688870509688,0.755095139399049,0.731887742223016,0.284606947552877,0.485280281971068,0.232576500839951,0.628240322215089,0.00338533550785013,2,11,FALSE
"48","5_244_5",0,0.371719814913669,0.0384597913826328,0.0465198407048295,0.0511992386809658,0.0384597913826328,0.180263825848695,0.571415789590301,0.879658627814136,0.802547144625973,0.880160573528615,0.081269918973758,0.227721163065098,0.186138016998561,0.19404629771868,0.976516830881549,0.464533671759246,0.771951118361809,0.733940275200538,0.119292050753377,0.177905446779972,0.370292422768511,0.396200817209277,0.00473006436627498,5,7,FALSE
"49","5_248_2",0,0.424862686022797,0.0383553667897076,0.0468817335360956,0.0513392564614668,0.0383553667897076,0.918779544555333,0.641587097563984,0.707740964412014,0.779240201902307,0.991371222363235,0.267156988729744,0.33624302001042,0.129407163548852,0.14232712711404,0.993423949656414,0.42588413470912,0.718778111258239,0.68286839041495,0.115945579405298,0.971732920566697,0.521720136239943,0.390936437883402,0.00619523012030921,4,14,FALSE
"50","5_248_6",0,0.371819295856747,0.0385556128643654,0.0462367796895341,0.0513826302960405,0.0385556128643654,0.396986828126975,0.793609619028618,0.824229868835449,0.90263535672028,0.153414476878304,0.174850306572636,0.270220206584152,0.228324614977409,0.00156372930805586,0.827959243110053,0.367688870509688,0.755095139399049,0.731887742223016,0.284606947552877,0.485280281971068,0.232576500839951,0.628240322215089,0.00338533550785013,2,11,FALSE
"51","5_249_1",0,0.259449843607008,0.0439288160687377,0.051338850561526,0.0513192240242844,0.0439288160687377,0.511229211028204,0.906609266444369,0.876097042713866,0.287128611418645,0.24465015617533,0.00358861892519121,0.355393738663661,0.27913890552643,0.0222165268401233,0.984217994730574,0.596946301327452,0.78594847409294,0.813427332254902,0.966636749367784,0.642794321818731,0.357530174011481,0.262588287957085,0.00502307600027877,8,25,FALSE
"52","5_249_5",0,0.250829247053739,0.0435225724654501,0.0505417907865482,0.0518653621235255,0.0435225724654501,0.890851255522455,0.947295515939675,0.920702664436211,0.62532334181313,0.841451327199024,0.244617892600873,0.375690966065297,0.269788423802101,0.0151987307667069,0.94823546485945,0.614166058341995,0.768459949439044,0.709951986379519,0.626084942890934,0.0249444009830635,0.384487243323203,0.29305460382142,0.0215816345648396,9,16,FALSE
"53","5_250_3",0,0.239556210960604,0.0469362510689493,0.051583650015774,0.051591106854438,0.0469362510689493,0.672598435914053,0.950700998817418,0.780049002961002,0.491105945522964,0.708973232616015,0.0587747271065837,0.271228155398604,0.365622922675107,0.0437524464798321,0.863067977936531,0.775035709865666,0.92582415640371,0.794563271905086,0.556335236386999,0,0.0913349260717657,0.759708586605935,0.016862711450623,9,16,FALSE
"54","5_252_1",0,0.246803035969645,0.0466310314993152,0.0531363766254028,0.0522499185643691,0.0466310314993152,0.269774759611399,0.983923451143745,0.842271966349241,0.557742406955637,0.129926479667919,0.254043594902606,0.271289192042705,0.273757383624169,0.00396844166092828,0.975844966767437,0.663826413617217,0.856732816330952,0.837718042394844,0.916881165550208,0.333347540091874,0.309729261651167,0.19442359077245,0.0310352498988936,8,25,FALSE
"55","5_253_3",0,0.265125408373232,0.0440373593524679,0.0512880458873447,0.0514097058129769,0.0440373593524679,0.837387771807439,0.906609266444369,0.876097042713866,0.287128611418645,0.24465015617533,0.00358861892519121,0.355393738663661,0.30607562723924,0.0222165268401233,0.984217994730574,0.596946301327452,0.78594847409294,0.813427332254902,0.395740844219158,0.642794321818731,0.357530174011481,0.262588287957085,0.00502307600027877,8,25,FALSE
"56","5_255_3",0,0.328626356957967,0.0404804249546347,0.04961872407778,0.051169691512964,0.0404804249546347,0.647284300371823,0.977650136927479,0.79769963896292,0.266143049100646,0.799862986322819,0.134138064099814,0.236625589479077,0.19498132818368,0.081628409295018,0.961892453840182,0.735140340664591,0.913540462188805,0.669390450136055,0.864599181886376,0.461419605264495,0.129210322082866,0.149249894095901,0.0262271079596736,3,13,FALSE
"57","5_255_4",0,0.23900321196782,0.0476541116931042,0.0524994724918303,0.0531644883572872,0.0476541116931042,0.650950274393408,0.900883375399709,0.953590245077733,1,0.824581383595377,0.356906283708702,0.347847025841385,0.333647489232646,0.029739088487133,0.947478893660332,0.463503175454976,0.856639253719196,0.810551852459929,0.984442112419506,0.0990661040560805,0.457769348834696,0.207540705926294,0.0429715878044541,9,16,FALSE
"58","5_256_3",0,0.291060744952564,0.043175429130285,0.0510413425545008,0.0517786482040825,0.043175429130285,0.691916985368533,0.975213308898272,0.869891650356547,0.46743546673082,0.00734468378608136,0.290330459074826,0.300892397944319,0.209836533226745,0.341937613390402,0.967384379166301,0.500427178740418,0.856732816330952,0.726534048354822,0.964909528105315,0.668299793496005,0.427583416843241,0.465086843517539,0.0310352498988936,8,25,FALSE
"59","5_257_3",0,0.353703032186628,0.0391663627930237,0.0473936565094287,0.0512198505846816,0.0391663627930237,0.61654125921847,0.794515064842387,0.859885863421518,0.68459618244623,0.489558889497715,0.110223079891778,0.21543823447414,0.152243402136342,0.0547969996719251,0.801536671060965,0.452329489054578,0.849332608217699,0.678201839030948,0.565777337645309,0.502091289648114,0.271007227939511,0.472980442615212,0.0144412773901509,8,25,FALSE
"60","5_257_4",0,0.364621620906957,0.0389431549999985,0.0471441571792233,0.0512220596383419,0.0389431549999985,0.783164535304598,0.912378305491228,0.961279188226886,0.802547144625973,0.907037674313579,0.0994867558865595,0.332978492006352,0.204714956877151,0.112522705691535,0.951960977186476,0.464533671759246,0.809170888102521,0.790978685225396,0.765236788161473,0.784989314369322,0.370292422768511,0.318703855449676,0.0203350908179844,4,14,FALSE
"61","5_258_4",0,0.256314945586256,0.0449076117089856,0.0499410250452957,0.0516487502424204,0.0449076117089856,0.584135288163851,0.898682914542526,0.928249403382362,0.887887562861347,0.0822795387540214,0,0.403471812418097,0.259985833263554,0.104064098209768,0.967883905570499,0.506111500073115,0.759436074505371,0.773667716578052,0.801580380078488,0.0737212318976323,0.303157979880709,0.607799731441111,0.00163621061926366,8,25,TRUE
"62","5_258_5",0,0.394468190191466,0.0379858896974888,0.0468881828338362,0.0512458424291311,0.0379858896974888,0.091484416513376,0.672195310763541,0.726014689323484,0.648926126471585,0.913756949483457,0.312100331192079,0.40932846021844,0.298621241757797,0.0936648813719129,0.951121254670522,0.681442427402381,0.70156421871297,0.73970342066546,0.00273074743550635,0.126342061940518,0.465342667377841,0.299329615093458,0.00399893144894437,5,7,FALSE
"63","5_259_5",0,0.332323985704215,0.0406012468131783,0.0493749674711948,0.0511855684317979,0.0406012468131783,0.796192815287349,0.809578358072968,0.79769963896292,0.266143049100646,0.799862986322819,0.134138064099814,0.209715594132834,0.171915073785938,0.081628409295018,0.961892453840182,0.735140340664591,0.913540462188805,0.645589302681479,0.718414232978132,0.461419605264495,0.129210322082866,0.149249894095901,0.0262271079596736,3,13,FALSE
"64","5_259_7",0,0.262840266865806,0.0433348317600023,0.0504198170783703,0.0517843171866816,0.0433348317600023,0.850966191496357,0.923937587369726,0.852672602142586,0.633893686886997,0.852923746595267,0.212592202104983,0.348752337535907,0.27859405496633,0.0391743029281641,0.940353629810728,0.612222252552153,0.765342956952058,0.706723050232457,0.544242064494913,0.11743480920986,0.377304300087112,0.265413252536985,0.019248606236425,9,16,FALSE
"65","5_261_1",0,0.348956953287365,0.0393800753560971,0.0471543466421484,0.0512764426856772,0.0393800753560971,0.918779544555333,0.641587097563984,0.707740964412014,0.779240201902307,0.882308665047673,0.267156988729744,0.33624302001042,0.129407163548852,0.14232712711404,0.993423949656414,0.648290566124155,0.718778111258239,0.68286839041495,0.115945579405298,0.971732920566697,0.521720136239943,0.755759039649774,0.00619523012030921,4,14,FALSE
"66","5_261_2",0,0.304751102624354,0.0423404844942292,0.0489012775369378,0.0524337974039956,0.0423404844942292,0.889200475778418,0.979695900868034,0.815374227360611,0.979883491236529,0.805234899301058,0.453858119866463,0.304687876071056,0.215841685425238,0.0299111741568397,0.917711291996615,0.595688251251363,0.794823276945131,0.730602384574623,0.522868346013289,0.787352812454795,0.0671400537451038,0.519169776900596,0.00476305472533238,4,14,FALSE
"67","5_262_2",0,0.325926352588333,0.040916455408703,0.0481841143211698,0.0517139586820928,0.040916455408703,0.888853851421584,0.808730817981185,0.957367701732879,0.884817157047805,0.104955699955794,0.218424313859274,0.299914138095204,0.154902708619327,0.316963104694375,0.9942811405568,0.370628541169734,0.808923280771294,0.650664189979378,0.17059298014311,0.701328709122914,0.592238085102501,0.686274467612463,0.0205305534848543,2,11,FALSE
"68","5_262_4",0,0.258275538025622,0.0443677590796455,0.0497583596523192,0.0523147345735151,0.0443677590796455,0.890851255522455,0.947295515939675,0.836439914775731,0.908971461310884,0.812478184943922,0.244617892600873,0.375690966065297,0.269788423802101,0.0151987307667069,0.923816126467287,0.599383812693627,0.789550611466863,0.709951986379519,0.626084942890934,0.0249444009830635,0.130609491593203,0.473946742262445,0.0215816345648396,9,16,TRUE
"69","5_263_2",0,0.256769677631256,0.0463274756102037,0.0513538161476895,0.0517821856382405,0.0463274756102037,0.672598435914053,0.945361338264444,0.655319775001027,0.451986265968456,0.43734082629576,0.140658141675525,0.271228155398604,0.365622922675107,0.196530165093086,0.934307813484571,0.632244051672883,0.98303384318687,0.794563271905086,0.556335236386999,0.0872827401586145,0,0.622538327156485,0.0181363288579665,8,25,FALSE
"70","5_263_4",0,0.260953441073165,0.0453871854052005,0.0517733478140601,0.0516296685420707,0.0453871854052005,0.853186985804219,0.839418526440978,0.724039850371327,0.422211110985461,0.233919601300416,0.0122535339064198,0.393459504955472,0.223408367131901,0.121843729993385,0.892301153109419,0.842952005201037,0.851545160173685,0.865209897837221,0.96057574382332,0.238871434933018,0.321568118343097,0.36582866276583,0.0207111605242617,8,25,FALSE
"71","5_263_6",0,0.264685168155176,0.0450891048391271,0.049977137035116,0.051871070920767,0.0450891048391271,0.634175297118553,0.900214594947763,0.936708173265349,0.926993076636636,0.13276347107055,0.0686443270586302,0.38459835113713,0.257584002719902,0.0575972344334988,0.924215924922063,0.471024660367559,0.802311001926411,0.765340111309635,0.702640753660219,0.379206445928514,0.296130883151204,0.548157720175047,0.0104098974256032,8,25,FALSE
"72","5_264_1",0,0.239454118210737,0.0476695772953391,0.0524727198515611,0.0531691464395847,0.0476695772953391,0.650950274393408,0.900883375399709,0.953590245077733,1,0.824581383595377,0.356906283708702,0.347847025841385,0.333647489232646,0.029739088487133,0.947478893660332,0.463503175454976,0.856639253719196,0.810551852459929,0.984442112419506,0.0990661040560805,0.457769348834696,0.244157423939576,0.0429715878044541,9,16,FALSE
"73","5_264_2",0,0.277285200380427,0.0434732434917206,0.0506123190493099,0.0518924666639782,0.0434732434917206,0.615022065724686,0.778654635474002,0.852672602142586,0.633893686886997,0.852923746595267,0.212592202104983,0.348752337535907,0.293384520433231,0.216354906388905,0.940353629810728,0.612222252552153,0.765342956952058,0.706723050232457,0,0.0199180556549367,0.377304300087112,0.265413252536985,0.019248606236425,5,7,FALSE
"74","5_264_4",0,0.287724523113823,0.0419668868556496,0.0492502864123909,0.0511197510237026,0.0419668868556496,0.367047314286466,0.920949231480346,0.911951846090054,0.528868376290098,0.221339900283727,0.173389307430927,0.204228376016981,0.248948963199397,0.134444589062577,0.82800393123885,0.71272895352482,0.79361821453813,0.681255538990504,0.991475988048626,0.773382181093476,0.412090762804499,1,0.00912769337913202,8,25,FALSE
"75","5_265_1",0,0.239480275370362,0.0466796711712594,0.0530724950350927,0.0521920698862295,0.0466796711712594,0.282310171926788,0.970918580309089,0.981005075614467,0.496768707777638,0.745832242742168,0.261418982373632,0.22545936986091,0.385487489643097,0.0573583272801436,0.962760647881658,0.701450792079452,0.830323219630934,0.830519729842751,0.953484476119505,0.136432136300478,0.141090221770641,0.0285296853974613,0.0156229738353226,3,13,FALSE
"76","5_265_5",0,0.341817095528941,0.0393437268588718,0.047045784097443,0.0515645579893007,0.0393437268588718,0.205045679175325,0.668973295693557,0.596336864179364,0.862468414995308,0.280024076184444,0.387374376990787,0.110460392160959,0.199713338295078,0.0543502331569272,0.907263639620963,0.609065813136264,0.710330040172615,0.697060750274024,0.0279203890154539,0.387698260516425,0.439634580282954,0.835547804504322,0.00207454309946002,2,11,FALSE
"77","5_265_7",0,0.342547897091347,0.0394621614730418,0.0475715455870917,0.0513622897754944,0.0394621614730418,0.61654125921847,0.794515064842387,0.859885863421518,0.68459618244623,0.758474419677605,0.110223079891778,0.171612656928499,0.152243402136342,0.0547969996719251,0.801536671060965,0.452329489054578,0.924722583410315,0.678201839030948,0.565777337645309,0.502091289648114,0.271007227939511,0.409490439216582,0.0232860309020528,4,14,FALSE
"78","5_266_3",0,0.319767185937525,0.0389189654414292,0.0467215880127278,0.0514903379590282,0.0389189654414292,0.0199351059317082,0.851455772612146,0.751537433253565,0.968540741459178,0.0286069112320295,0.149907236605825,0.0771888058477948,0.0807937036158385,0.050619358679469,0.956545959976833,0.441938983881177,0.783941400658607,0.757776740130338,0.485426371850909,1,0.53515821752089,0.322304030850199,0.0192339916365147,2,11,TRUE
"79","5_268_2",0,0.318998226940219,0.040565618240066,0.0494749348442465,0.0512275044638728,0.040565618240066,0.369228278835891,0.880797098359688,0.743647841416698,0.266143049100646,0.799862986322819,0.134138064099814,0.236625589479077,0.241502693892112,0.0700343547335184,0.988648380255334,0.735140340664591,0.913540462188805,0.669390450136055,0.340929536399658,0.12848043380797,0.129210322082866,0.149249894095901,0.0262271079596736,3,13,FALSE
"80","5_269_1",0,0.41272837868265,0.0384746397703821,0.0474231229334857,0.0512237156435872,0.0384746397703821,0.111573623605937,0.732961842428586,0.510550509342766,0.585486579392481,0.765891644446808,0.34659929593727,0.392453173448899,0.293440994337683,0.286042155885204,0.953883021686312,0.702606335022375,0.69962532432679,0.728498444970927,0.166293816413531,0.0663733555617655,0.426345133553914,0.317407756574185,0.00352362382590113,5,7,FALSE
"81","5_269_5",0,0.415715483101462,0.0384088216460734,0.046830579540063,0.0513228532764769,0.0384088216460734,0.298174614377926,0.677386109679976,0.606079668240458,0.779240201902307,0.991371222363235,0.267156988729744,0.221323313768708,0.124282825277553,0.00717612152559097,0.993423949656414,0.42588413470912,0.718778111258239,0.659152583723518,0.272162746673259,0.891542151981181,0.521720136239943,0.390936437883402,0.00619523012030921,4,14,FALSE
"82","5_270_1",0,0.279617436811083,0.0438715923456673,0.0506108113208144,0.0512988594354858,0.0438715923456673,0.548832184653058,0.923517020806274,0.692565681637149,0.481155440725959,0.416815059999703,0.097598727388606,0.272562015834626,0.214415798483592,0.0342924933941499,0.868039677890253,0.578525116294804,0.734751677273742,0.657019874970738,0.445749528515086,0.348462653763459,0.129835842650634,0.349511466952653,0.00953121897645967,8,25,FALSE
"83","5_270_2",0,0.353703032186628,0.0391663627930237,0.0473936565094287,0.0512198505846816,0.0391663627930237,0.61654125921847,0.794515064842387,0.859885863421518,0.68459618244623,0.489558889497715,0.110223079891778,0.321365267567936,0.152243402136342,0.0547969996719251,0.801536671060965,0.452329489054578,0.849332608217699,0.678201839030948,0.565777337645309,0.502091289648114,0.271007227939511,0.472980442615212,0.0144412773901509,8,25,FALSE
"84","5_270_4",0,0.246569162838072,0.0475442487512616,0.0534547173249324,0.0520288770298878,0.0475442487512616,0.511229211028204,0.906609266444369,0.8490369813559,0.503619647909686,0.152871215011582,0.00358861892519121,0.355393738663661,0.27913890552643,0.00761805869436485,0.977519572292134,0.650450391086852,0.84257594788335,0.813427332254902,0.966636749367784,0.395236896478249,0.31928944405571,0.208056530187062,0.00502307600027877,8,25,FALSE
"85","5_270_7",0,0.22454286518049,0.0472656652338411,0.0541982377726417,0.0524203074181439,0.0472656652338411,0.711805173011576,1,0.905601392940051,0.230589717528641,0.879077489336744,0.302341954658064,0.185648147650572,0.3489232406882,0.1292009407198,0.946320646419613,0.841829488684264,0.927731440183682,0.706048777416354,0.835066568542743,0.0480937444393021,0.118001540764914,0,0.0311304597723795,3,13,FALSE
"86","5_271_1",0,0.255919195855346,0.0434198932336387,0.0504715134428687,0.0518008294197104,0.0434198932336387,0.890851255522455,0.947295515939675,0.920702664436211,0.62532334181313,0.214058564244273,0.244617892600873,0.375690966065297,0.269788423802101,0.0151987307667069,0.94823546485945,0.614166058341995,0.7577681013382,0.709951986379519,0.626084942890934,0.0249444009830635,0.384487243323203,0.29305460382142,0.00702459531924804,9,16,FALSE
"87","5_271_7",0,0.34495735958939,0.0392816502911175,0.0470518690647284,0.0511809475820573,0.0392816502911175,0.004056247121392,0.716973263164404,0.899641933561431,0.710026379763438,1,0.0554242164028843,0.200501294637695,0.234800519048736,0.110977987872158,0.968660644185108,0.490197846581692,0.867728806604104,0.724972238031947,0.426364392124791,0.2325174538435,0.48897925820445,0.384259974428807,0.0079587270770413,5,7,TRUE
"88","5_272_1",0,0.254187266985012,0.044334642881851,0.0509973015600849,0.051784514757614,0.044334642881851,0.853186985804219,0.971997040824442,0.842748230898077,0.578880224465599,0.233919601300416,0.0122535339064198,0.393459504955472,0.223408367131901,0.0757722341083728,0.999832894093384,0.670047520488337,0.851545160173685,0.865209897837221,0.96057574382332,0.4795055821962,0.547176980899445,0.123578282732715,0.0207111605242617,8,25,FALSE
"89","5_272_6",0,0.262020370553932,0.0451467039788033,0.0522258228169234,0.0523012506303575,0.0451467039788033,0.868820904609849,0.9791086971399,0.852672602142586,0.633893686886997,0.852923746595267,0.294487499685641,0.411578042344767,0.318809606990652,0.0692627618154425,0.940353629810728,0.612222252552153,0.765342956952058,0.686591296717479,0.751950158006171,0.11743480920986,0.377304300087112,0.265413252536985,0.019248606236425,9,16,FALSE
"90","5_273_6",0,0.27151164562801,0.0439970727011225,0.0505714355978078,0.0519641737572884,0.0439970727011225,0.845246354927022,0.935816514513393,0.91354200665498,0.636011758865896,0.289813355063362,0.35764753365207,0.348882965875006,0.270174163832057,0.0410909575064199,0.930298008087635,0.617027070217949,0.785542974489993,0.729188142383005,0.578441543049166,0.188194089321154,0.4031523664205,0.967720138340373,0.0200974596337967,8,25,FALSE
"91","5_273_7",0,0.424865847222554,0.0383552504647436,0.0468818017541525,0.051339254152928,0.0383552504647436,0.918779544555333,0.641587097563984,0.707740964412014,0.779240201902307,0.991371222363235,0.267156988729744,0.33624302001042,0.129407163548852,0.14232712711404,0.993423949656414,0.42588413470912,0.718778111258239,0.742795070109792,0.115945579405298,0.971732920566697,0.521720136239943,0.390936437883402,0.00619523012030921,4,14,FALSE
"92","5_274_1",0,0.309193533828739,0.0422865700618731,0.0492803245012987,0.0524914503649902,0.0422865700618731,0.564964043184546,0.979695900868034,0.815374227360611,0.979883491236529,0.805234899301058,0.453858119866463,0.286046716057426,0.110640192532557,0.0299111741568397,0.917711291996615,0.595688251251363,0.794823276945131,0.602727246902157,0.12095401321305,0.787352812454795,0.0671400537451038,0.519169776900596,0.00476305472533238,4,14,FALSE
"93","5_275_3",0,0.341928255917634,0.0389077935708717,0.0477914271022689,0.0512805312513296,0.0389077935708717,0.737194515645176,0.909710721567606,0.818036685658706,0.62532334181313,0.841451327199024,0.244617892600873,0.474325340229023,0.184273675961133,0.000651511279118158,0.930309850334776,0.614166058341995,0.768459949439044,0.610914642691283,0.298691013591261,0.00974653930031904,0.384487243323203,0.29305460382142,0.0215816345648396,9,16,FALSE
"94","5_276_1",0,0.272410990812306,0.0442582156447567,0.049650426497235,0.0518336563120923,0.0442582156447567,0.948970346434811,0.93225172615349,0.85319240871565,0.866570286373979,0.779419624765589,0.140658141675525,0.353943215541388,0.252609108692479,0.0495412477328708,0.827141355692532,0.516396311631359,0.730064586620137,0.642210003321347,0.489512358116989,0.158958262329729,0.245867586061355,0.258770320985997,0.0181363288579665,9,16,FALSE
"95","5_276_4",0,0.317290439446758,0.0426746100679343,0.0501983831108544,0.0512370319347719,0.0426746100679343,0.603365661599815,0.989064046134141,0.86096056953005,0.303055517343008,0.334839070148344,0.319313414420293,0.322192334400836,0.331019270774575,0.109499968491757,0.947311667177862,0.637510981760087,0.763256782130359,0.779923674940576,0.749757661394981,0.110608437460663,0.123490536660478,0.37151004738802,0.0141085607810468,8,25,FALSE
"96","5_277_1",0,0.331142388221233,0.0397833954749334,0.0486845432692218,0.0509905073904098,0.0397833954749334,0.843082608817704,0.9791086971399,0.852672602142586,0.393757924502945,0.702055882053627,0.158667389372319,0.434044998601269,0.318809606990652,0.0692627618154425,0.942561337020284,0.670828438846063,0.813282667627929,0.491387899741137,0.751950158006171,0.11743480920986,0.238635503021344,0.251387376245609,0.0172685153437398,9,16,FALSE
"97","5_277_3",0,0.291384825686373,0.0417635849756918,0.0491483877881203,0.0512488288941912,0.0417635849756918,0.591623539815802,0.89754754381461,0.911951846090054,0.528868376290098,0.300838866577784,0.259876963307692,0.209903263777116,0.214075859128631,0.134444589062577,0.82800393123885,0.71272895352482,0.81066556065908,0.808458788988511,0.909332966635943,0.773382181093476,0.412090762804499,0.93226420251593,0.0119645407352269,8,25,FALSE
"98","5_279_2",0,0.329290001997721,0.0389427697706535,0.0470458006330652,0.0513644613114077,0.0389427697706535,0.0199351059317082,0.754324325917768,0.672965289821503,0.765573357260222,0.0286069112320295,0.149907236605825,0.0771888058477948,0.0807937036158385,0.124300280329754,0.945633412790059,0.692941829395331,0.783941400658607,0.757776740130338,0.259925411740064,0.712849423914055,0.721371150773709,0.0591754650413174,0.0192339916365147,2,11,FALSE
"99","5_279_4",0,0.242745912369808,0.0465898128301093,0.0539997333834906,0.0524609245230285,0.0465898128301093,0.467403243742272,0.902868553305622,0.988678525636537,0.220934131207552,0.517436148273508,0.463843755868565,0.296934750652914,0.40516054211251,0.116551493197421,0.951320825031513,0.964690553215195,0.88490670363482,0.71230132017031,0.609565608431898,0.130069107392036,0.304553166031554,0.0251282216612947,0.0316213365317203,3,13,FALSE
"100","5_279_5",0,0.341930654494591,0.0389021098542693,0.0478082824796567,0.0512808975394444,0.0389021098542693,0.737194515645176,0.917316151071157,0.818036685658706,0.62532334181313,0.841451327199024,0.244617892600873,0.474325340229023,0.184273675961133,0.000651511279118158,0.930309850334776,0.614166058341995,0.768459949439044,0.610914642691283,0.298691013591261,0.00974653930031904,0.384487243323203,0.29305460382142,0.0215816345648396,9,16,FALSE
"101","5_280_1",0,0.261418276726391,0.0452053708008686,0.0518996757817422,0.0521092176237536,0.0452053708008686,0.950577963951334,0.965639783298656,0.993382818058162,0.598820028242186,0.146875903287533,0.263639415077835,0.292552713089674,0.348835513332571,0.0575910298754096,0.966330410679464,0.636640831527545,0.739647065761242,0.782785587588158,0.860924486863557,0.0826644475686687,0.372491234507351,0.336843590246675,0.00276789434841513,8,25,FALSE
"102","5_280_5",0,0.295364544103402,0.0441864239403308,0.0523236236864311,0.0518659488664967,0.0441864239403308,0.790621128931814,0.967719611462305,0.704324308302793,0.427610084862875,0.0975743265838726,0.265134975554343,0.393459504955472,0.172621525064093,0.290071365049786,0.930738370637341,0.56417276668855,0.835324195435407,0.759592968359488,0.66036438145167,0.537557926535424,0.190613967664229,0.432667685902073,0.00880297390944576,8,25,FALSE
"103","5_281_1",0,0.407341567247078,0.0377760983488202,0.0466781917102173,0.0509305812686847,0.0377760983488202,0.647284300371823,0.806944662010356,0.805703418945108,0.604942642803416,0.307003186262123,0.127621414744743,0.236625589479077,0.0930887653478676,0.00204466845900677,0.868105837012368,0.255893897109006,0.683104954709892,0.669390450136055,0.516202862717023,0.863362195361182,0.603453392256454,0.610167645758048,0.00235919693867748,2,11,FALSE
"104","5_282_5",0,0.333671171720565,0.0404339902051538,0.0480009332560156,0.0516070126690045,0.0404339902051538,0.45016976103089,0.911824114296079,0.916065804305865,0.807856832002524,0.7486045943424,0.228107007633279,0.368060191079665,0.274254681517391,0.00338251568586638,0.96136303770066,0.545850256514356,0.901149807490074,0.785500651533338,0.554318780194023,0.322089123278083,0.355238595696457,0.243777561389999,0.0258569787708497,9,16,FALSE
"105","5_283_1",0,0.35867340463787,0.0388058643664493,0.0492591021439391,0.0513158356998847,0.0388058643664493,0.61654125921847,0.794515064842387,0.859885863421518,0.0390926217589314,0.660222018945017,0.468888145338276,0.21543823447414,0.152243402136342,0.0547969996719251,0.914715598143497,1,0.856853245026223,0.678201839030948,0.565777337645309,0.502091289648114,0.177307199054996,0.0912991242848435,0.0184178076504012,3,13,FALSE
"106","5_283_5",0,0.366487503567269,0.0382639940743546,0.0473697487541371,0.0511597344095715,0.0382639940743546,0.468471207956439,0.868880825567501,0.763770105585271,0.67855681191088,0.828375767392755,0.190959881189439,0.239853566823377,0.125040420233508,0.00823325888839738,0.928763616657546,0.579761118300267,0.748503170158956,0.733966798264846,0.160253778677047,0.195401875354649,0.426037411634049,0.411232202182368,0.00729801697853819,5,7,FALSE
"107","5_284_2",0,0.252842448469006,0.0445810830314997,0.0506608496966022,0.051490763116134,0.0445810830314997,0.735804693623623,0.942265786949388,0.881670830977103,0.677836186063739,0.689616969507915,0,0.403471812418097,0.166499749341556,0.0361990563476698,0.935336087766337,0.592555146784768,0.759436074505371,0.773667716578052,0.657812171479165,0.0639707844090222,0.368221390589691,0.356003629345358,0.00163621061926366,9,16,FALSE
"108","5_284_4",0,0.246331416874944,0.0440553229684624,0.0509943813840344,0.0513325424067473,0.0440553229684624,0.697298080102332,0.982289682610578,1,0.283841760650715,0.128871995121334,0.13022726306624,0.25686796401898,0.173649952097516,0.134896612849827,0.848142673961593,0.77862852087106,0.83570633651433,0.736568692255097,0.550832450440827,0.0417661262739278,0.245420637079017,0.839397618906526,0.0234859816072097,8,25,FALSE
"109","5_284_5",0,0.36761875880589,0.0384845191156652,0.0471429251199552,0.0511855962751931,0.0384845191156652,1,0.88800225641855,0.85319240871565,0.692454958472546,0.786027829010877,0.272251689579378,0.286168847954057,0.158202939660682,0.0430532247264035,0.827141355692532,0.648433204248177,0.728136189668275,0.570415409477331,0.953845296305503,0.158958262329729,0.421447651182064,0.29121775624965,0.00819826175255733,9,16,FALSE
"110","5_285_3",0,0.32639734054981,0.0402142606384478,0.0493474207290298,0.051143141494186,0.0402142606384478,0.647284300371823,0.977650136927479,0.903059352966328,0.313996163304655,0.799862986322819,0.134138064099814,0.236625589479077,0.19498132818368,0.081628409295018,0.957394072364518,0.735140340664591,0.913540462188805,0.669390450136055,0.864599181886376,0.461419605264495,0.241655427090414,0.149249894095901,0.0262271079596736,3,13,FALSE
"111","5_285_4",0,0.228343671984739,0.0459381265562409,0.0531401769538402,0.0522662161397782,0.0459381265562409,0.179511541127092,0.83378899319709,0.941758569684733,0.219282725283205,0.91378572027802,0.300031715296767,0.294804522692191,0.456120235045698,0.102930524221912,0.971657462959999,0.973126269657147,1,0.680912797893388,0.489035305662139,0.205941211928808,0.290594278024154,0.158205043807557,0.0416946955783166,3,13,FALSE
"112","5_285_5",0,0.304169608293922,0.0410953335560445,0.0495182111237533,0.0509858260682778,0.0410953335560445,0.347542364147179,0.9791086971399,0.730928076388217,0.342200794128747,0.502214131777044,0.201751351553245,0.113759508628856,0.318809606990652,0.0692627618154425,0.94506950686146,0.870922384628767,0.658006162870605,0.791825257249792,0.751950158006171,0.565302994636543,0.364148794369596,0.27136163469618,0.00453410140282143,3,13,TRUE
"113","5_285_6",0,0.389118773332703,0.0380521911194915,0.0488051349879843,0.0512533952511151,0.0380521911194915,0.932372651185851,0.924771092682208,0.70234310914505,0.299752071659673,0.705867176728286,0.395322822108371,0.407882356812306,0.0905181237742693,0.203575335473256,0.967774396202093,0.868835884113001,0.820480605291637,0.743270850671268,0.437403329871649,0.424774647234394,0.317313548415242,0.0222199649544024,0.0174703031578894,3,13,FALSE
"114","5_286_1",0,0.238403453028875,0.0453840169099167,0.0526447693866584,0.0519878492368254,0.0453840169099167,0.727875346884565,0.961092274133721,0.807294025505472,0.316278799710161,0.860617530247581,0.28953934648523,0.281887490653633,0.24816387454793,0.0917473060103652,0.936970417219553,0.806090810718508,0.894794659789882,0.6452214252153,0.491942333078947,0.0514813863524236,0.183952946477244,0.0452150402301191,0.0294507914941919,3,13,FALSE
"115","5_286_4",0,0.285024380042497,0.0424436778041244,0.0495237215698184,0.0512436607148625,0.0424436778041244,0.301288944918291,0.906353357756788,0.910326844627811,0.566818364964557,0.216152472728318,0.169492072332315,0.191599253254547,0.352316442616529,0.116845736464059,0.83571107904675,0.67103697111982,0.798820845982421,0.714618098126901,0.680302079806689,0.719645913105258,0.357890654597727,0.859335651993469,0.00751534162125184,8,25,FALSE
"116","5_286_7",0,0.369901759063363,0.0389180510963852,0.0472509220335121,0.0512597448643943,0.0389180510963852,0.791118379553293,0.849283470009081,0.916065804305865,0.807856832002524,0.801958986455609,0.169515913335693,0.583555662259963,0.146006528511481,0.0540537001824818,0.96136303770066,0.545850256514356,0.665087134418052,0.646371262712577,0.117156963588808,0.127687907912318,0.355238595696457,0.495529797354012,0.0129312205712168,9,16,FALSE
