"","facebook_I_alphas","facebook_I_gammas","facebook_I_thetas","newsletter_alphas","newsletter_gammas","newsletter_thetas","ooh_S_alphas","ooh_S_gammas","ooh_S_thetas","print_S_alphas","print_S_gammas","print_S_thetas","search_clicks_P_alphas","search_clicks_P_gammas","search_clicks_P_thetas","tv_S_alphas","tv_S_gammas","tv_S_thetas","train_size","tv_S_inflexion","ooh_S_inflexion","print_S_inflexion","facebook_I_inflexion","search_clicks_P_inflexion","newsletter_inflexion","tv_S_inflation","ooh_S_inflation","print_S_inflation","facebook_I_inflation","search_clicks_P_inflation","newsletter_inflation","rsq_train","rsq_val","rsq_test","nrmse_train","nrmse_val","nrmse_test","nrmse","decomp.rssd","mape","lambda","lambda_hp","lambda_max","lambda_min_ratio","pos","Elapsed","ElapsedAccum","solID","trial","iterNG","iterPar","iterations","coef0","mape.qt10","robynPareto","error_score","cluster","top_sol"
"1",1.3337020455,0.52737904266,0.1812590157,0.726774412875,0.91219465335,0.1911416206,0.5248475926575,0.318711606704,0.37226478262,1.52737579,0.97080503231,0.16697314801,1.2530876365,0.47422114584,0.06865322343,2.659253849,0.6122301273,0.3942456195,0.62915189426,97697.2472534356,160996.786574072,27181.4111023998,8261.32973425844,9149.16685974045,100227.288205817,1.65017272234901,1.59291290343677,1.20028208757658,1.21580257995246,1.0736365071344,1.23442641818255,0.936173709241953,0.959500487274433,0.974250705543892,0.0562613177156742,0.0523331468120621,0.0486281266925321,0.0523331468120621,0.23025842885912,0,35808.2223962089,0.0004468929818,65481090.2533626,1e-04,0,0.159489154815674,87.5587759017944,"1_258_3",1,258,3,1802,FALSE,TRUE,3,0.0256896724969726,7,FALSE
"2",1.84156053675,0.79695860018,0.2562467283,1.464338389,0.85468840658,0.24983568307,0.505210684485,0.70477565359,0.33232759462,2.89702243725,0.9305240144,0.32069879527,2.2607541565,0.88558731014,0.010042350939,2.45302433725,0.99326762309,0.3016536828655,0.79490827754,157467.75977385,354561.284372274,26074.7139800522,12552.7026518332,16192.7900249305,98854.11553926,1.43170354407871,1.49767029711326,1.4711830582211,1.33578982886031,1.01014274768388,1.32997370001184,0.943190839963695,0.933840822911502,0.985245174476364,0.0530789097895906,0.0754795566927217,0.0378978216420661,0.0754795566927217,0.201540431483848,0,60923.8117388612,0.0008304861849,65481090.2533626,1e-04,0,0.153839111328125,38.9414360523224,"2_131_4",2,131,4,914,FALSE,TRUE,3,0.0106123221942596,1,TRUE
"3",1.75426401725,0.95538530792,0.21444624174,2.03646208275,0.81610813835,0.26960788807,0.56305354145,0.56627697257,0.38331361768,2.63387181025,0.9217108051,0.2913312763,2.240704152,0.68370706934,0.020409392556,2.72317807125,0.80450574573,0.37341260725,0.77792773055,128122.196648582,288011.74425626,25818.9007053709,14998.8374911038,12618.2470554043,96154.5211889994,1.59541053824361,1.62143789768653,1.41041146227202,1.26608685141246,1.02082839812638,1.36556875816568,0.943674459910062,0.962974501404627,0.976111463312035,0.0529770604293019,0.0604196890886217,0.0486667237222277,0.0604196890886217,0.207636885058965,0,58933.5533510706,0.0008000887461,65481090.2533626,1e-04,0,0.159260988235474,60.4716029167175,"2_206_1",2,206,1,1436,FALSE,TRUE,4,0.0218696479100184,1,FALSE
"4",1.5628634375,0.94824060532,0.10825591398,2.03646208275,0.81610813835,0.26960788807,0.56305354145,0.56627697257,0.38331361768,2.63387181025,0.9217108051,0.2913312763,2.240704152,0.92933643542,0.003882911613,2.37767432625,0.92754222503,0.3501004137,0.78700295825,147445.625729157,288011.74425626,25818.9007053709,14801.6180283899,16932.6326448427,96154.5211889994,1.5382775449115,1.62143789768653,1.41041146227202,1.11834244134213,1.00389782945414,1.36556875816568,0.943635153830002,0.931854984264842,0.984511835540676,0.0530194822928636,0.0770593363959415,0.0388182920360772,0.0770593363959415,0.203440356129277,0,86308.0704308157,0.001218182805,65481090.2533626,1e-04,0,0.171597957611084,61.5893270969391,"2_210_3",2,210,3,1466,FALSE,TRUE,4,0.0117929636247484,1,FALSE
"5",1.90390236275,0.79572019231,0.20867945364,0.697691179275,0.52799381549,0.35861598643,0.50155207550025,0.80666619647,0.38631525001,2.2779036345,0.77287417583,0.17847152911,2.5161940415,0.91097622215,0.05700319071,2.5315546295,0.92679613976,0.3534051169,0.76157128574,147361.825562233,411053.243843128,21639.8055848038,12487.1318251293,17385.2133317884,68158.9900162834,1.54612699501505,1.62936444689183,1.21705615330987,1.25704710069703,1.06039684650134,1.55258251378862,0.942190673908756,0.968873045603604,0.9774488275744,0.0530902255280128,0.0483488193998785,0.0478545196172894,0.0483488193998785,0.24137906951244,0,46399.3466790677,0.0006086524067,65481090.2533626,1e-04,0,0.157038927078247,67.8718550205231,"2_233_1",2,233,1,1625,FALSE,TRUE,4,0.0275983779219194,1,FALSE
"6",1.90390236275,0.79572019231,0.20867945364,0.697691179275,0.52799381549,0.35861598643,0.50155207550025,0.80666619647,0.38631525001,2.2779036345,0.77287417583,0.17847152911,2.5161940415,0.91097622215,0.05700319071,2.5315546295,0.92679613976,0.3534051169,0.76157128574,147361.825562233,411053.243843128,21639.8055848038,12487.1318251293,17385.2133317884,68158.9900162834,1.54612699501505,1.62936444689183,1.21705615330987,1.25704710069703,1.06039684650134,1.55258251378862,0.942190673908756,0.968873045603604,0.9774488275744,0.0530902255280128,0.0483488193998785,0.0478545196172894,0.0483488193998785,0.24137906951244,0,46399.3466790677,0.0006086524067,65481090.2533626,1e-04,0,0.267490148544312,69.3743770122528,"2_237_3",2,237,3,1655,FALSE,TRUE,4,0.0275983779219194,NA,NA
"7",1.60796459675,0.78612677687,0.26077234674,1.9214720585,0.78209885794,0.38975388901,0.51543964149,0.70171815376,0.39775157398,1.9758126715,0.90402539008,0.112647227869,2.4798045155,0.89325711417,0.04916066517,2.48880727075,0.93636634943,0.345923914345,0.76690697207,148805.493096625,360225.78213437,25311.1050876364,12386.9085795609,16923.6407927737,104584.722371428,1.52847041294591,1.66028782918086,1.12688299637389,1.34380774009732,1.05166422141695,1.63069863414527,0.942975023796665,0.962894933611431,0.977177295346284,0.0527129609780044,0.0525415382963115,0.048154880683439,0.0525415382963115,0.224363711178319,0,57787.3340299406,0.0007825824103,65481090.2533626,1e-04,0,0.160394906997681,73.5955278873444,"2_250_5",2,250,5,1748,FALSE,TRUE,4,0.0240864300932366,1,FALSE
"8",1.70080531975,0.85096618514,0.21377278782,1.023612412,0.42109960828,0.3902327644,0.509300878235,0.67187966879,0.38558073445,2.4344650565,0.87873677918,0.19930947043,2.4746705765,0.8152046921,0.024139224102,2.4117792055,0.91912791962,0.34242142065,0.77772125348,146032.026772999,342210.728520708,24604.5623611104,13358.8926941,15095.8401257199,56342.1021442484,1.52034164810691,1.6274176307195,1.24867633867822,1.26502435417723,1.02472758084118,1.63196140489922,0.944124319354441,0.964542694195154,0.976939366664957,0.0527650783729998,0.0591263261711631,0.0478159679517915,0.0591263261711631,0.199618313120332,0,41749.6458330385,0.000537637006,65481090.2533626,1e-04,0,0.157166957855225,83.0742011070251,"2_285_2",2,285,2,1990,FALSE,TRUE,2,0.0201544235490179,1,FALSE
"9",2.15687141075,0.62429816741,0.06138644808,0.65399686855,0.71897061164,0.25228130524,0.50185735051675,0.50498540769,0.39325874266,2.65130167525,0.48437328882,0.1673648995,1.5466415975,0.52347502443,0.15342064164,0.795878137,0.39430454915,0.311984037325,0.72599900318,62540.3858781773,258474.027098363,13561.8926031297,9732.02680503518,10969.5016133121,83344.5556729204,1.4531737120987,1.64800056235364,1.20084599613554,1.06375586703174,1.18076134157287,1.33427580137512,0.94521668293351,0.978369424800844,0.97973994396417,0.0510233656614031,0.0383709550043916,0.0468835813819622,0.0383709550043916,0.589712021804565,0,7997.4391906033,2.21357816e-05,65481090.2533626,1e-04,0,0.166459083557129,56.4231240749359,"3_193_6",3,193,6,1350,TRUE,TRUE,4,0.14071000777955,6,FALSE
"10",2.7479404255,0.64851301065,0.22949640234,0.609600146175,0.318768065057,0.28609634287,0.59568647955,0.44583088464,0.37373401357,2.370128987,0.73480205608,0.13577822236,0.883741574,0.63543755994,0.04541710383,1.86868864525,0.3106323679,0.40783766735,0.72346274681,49645.1679506344,225412.139668886,20573.2609977424,10192.5131356772,11997.5179515646,38159.9206988612,1.68796886473382,1.59664810289268,1.15701204699961,1.29031450569782,1.04754562276518,1.39673908521916,0.945639809943458,0.978438383023869,0.979038789134685,0.0508259404758216,0.0383097429221537,0.0476879487264344,0.0383097429221537,0.528366627156688,0,8174.93139137602,2.484663982e-05,65481090.2533626,1e-04,0,0.170844078063965,58.8752069473267,"3_202_4",3,202,4,1411,TRUE,TRUE,2,0.11992860012445,6,FALSE
"11",2.15687141075,0.62429816741,0.1521053826,0.70842750185,0.4531427555,0.22956024526,0.50185735051675,0.50498540769,0.39325874266,2.65130167525,0.48437328882,0.1673648995,1.5466415975,0.52347502443,0.15342064164,0.795878137,0.39430454915,0.311984037325,0.72599900318,62540.3858781773,258474.027098363,13561.8926031297,9763.67496801417,10969.5016133121,51459.0556985151,1.4531737120987,1.64800056235364,1.20084599613554,1.1748718085451,1.18076134157287,1.29534482080258,0.945123441406873,0.978445719825489,0.979760423221474,0.0510667682350532,0.0383032245126485,0.0468598799746281,0.0383032245126485,0.589908977768949,0,7997.4391906033,2.21357816e-05,65481090.2533626,1e-04,0,0.172879934310913,60.025505065918,"3_206_5",3,206,5,1440,TRUE,TRUE,2,0.140773944569464,6,FALSE
"12",1.717568255,0.62610719757,0.198656763,1.48147991925,0.8357045694,0.27073892182,0.5114551580975,0.65968596965,0.38704710811,2.2785627305,0.72390926067,0.122536996084,1.37841720675,0.84162485965,0.021840805281,1.85276368975,0.97283518155,0.36306044965,0.72338167427,154795.714569246,336312.730577755,20268.2091613554,9818.72669157752,15552.7758744537,98569.5257644888,1.56952551272974,1.63130885347777,1.13957128670864,1.24164483972627,1.02232133856298,1.36766247663491,0.939562392397464,0.960007414032854,0.97329147234531,0.0537763100860681,0.0523541055814724,0.0540154326446215,0.0523541055814724,0.225730999755314,0,54753.9650669079,0.0007362534271,65481090.2533626,1e-04,0,0.179298877716064,60.3015060424805,"3_207_2",3,207,2,1444,FALSE,TRUE,3,0.0296795851314604,6,FALSE
"13",1.717568255,0.62610719757,0.198656763,1.48147991925,0.8357045694,0.27073892182,0.5114551580975,0.59047689321,0.38381016451,2.259808201,0.63355271201,0.122466620908,1.37841720675,0.84162485965,0.021840805281,1.85276368975,0.97283518155,0.36306044965,0.72338167427,154795.714569246,300413.741581691,17738.3815743597,9818.72669157752,15552.7758744537,98569.5257644888,1.56952551272974,1.62274382850843,1.13947999151564,1.24164483972627,1.02232133856298,1.36766247663491,0.939519864224263,0.95981757907035,0.973201146623896,0.0537952271654865,0.052478214504037,0.0541066931004532,0.052478214504037,0.224460964969621,0,54753.9650669079,0.0007362534271,65481090.2533626,1e-04,0,0.166786909103394,61.5181648731232,"3_211_4",3,211,4,1474,FALSE,TRUE,4,0.0295605955410491,6,FALSE
"14",1.717568255,0.62610719757,0.198656763,1.15298962775,0.70289851,0.27073892182,0.5114551580975,0.59047689321,0.38381016451,2.259808201,0.63355271201,0.122466620908,1.37841720675,0.84162485965,0.021840805281,1.85276368975,0.97283518155,0.36306044965,0.72338167427,154795.714569246,300413.741581691,17738.3815743597,9818.72669157752,15552.7758744537,82905.3415862127,1.56952551272974,1.62274382850843,1.13947999151564,1.24164483972627,1.02232133856298,1.36766247663491,0.939195332400985,0.960601057858826,0.973178648276307,0.0539393646217586,0.0519640846517025,0.0541294003369744,0.0519640846517025,0.230920403847907,0,54753.9650669079,0.0007362534271,65481090.2533626,1e-04,0,0.162451028823853,62.7318489551544,"3_215_6",3,215,6,1504,FALSE,TRUE,3,0.0306734581683463,6,FALSE
"15",1.81165986625,0.6272422468,0.19601876013,1.1043957785,0.65627840052,0.27753396334,0.5135032849425,0.61999943283,0.3858700489,2.207812393,0.50837232395,0.13672839787,1.349699799,0.76955833225,0.0352446288,2.3999923745,0.77704692462,0.4190618568,0.72463512653,124361.698936686,315844.240313642,14233.60170376,9834.81734992664,14395.0016378386,77912.6548194592,1.72050760410143,1.6281838967429,1.15828405744836,1.23765461540568,1.03651310856667,1.38037727924601,0.937633055363682,0.95944338051048,0.97215708220939,0.0546279120169481,0.0527219997898178,0.0551506020466782,0.0527219997898178,0.22282921015323,0,60236.3810593219,0.0008199869793,65481090.2533626,1e-04,0,0.156093835830688,67.0316820144653,"3_231_1",3,231,1,1611,FALSE,TRUE,4,0.0303060308716433,6,FALSE
"16",2.0486924535,0.6493873376,0.1901420352,0.6553132879,0.48468561041,0.26200323379,0.5210055614,0.354773727491,0.38915449024,2.47376603025,0.68420537743,0.106959932857,1.42763159175,0.86938410648,0.05846656584,1.886961983,0.82301215386,0.40750501935,0.72459571823,131528.344664981,181109.537395072,19156.5206756051,10178.1829204264,16614.064557252,56696.9269780728,1.68702324629622,1.63693375036423,1.11971308033918,1.22885878696403,1.06204217327048,1.35165576945862,0.939482650894651,0.961962503215122,0.972643013910987,0.0538117746785477,0.0510583722507952,0.0546672226152529,0.0510583722507952,0.237330316283678,0,54348.3556537837,0.0007300585092,65481090.2533626,1e-04,0,0.160752058029175,71.6860358715057,"3_244_5",3,244,5,1706,FALSE,TRUE,2,0.0323476053356626,6,FALSE
"17",2.658842977,0.65858001634,0.13613667585,0.81912395875,0.4468816783,0.25891722535,0.513824415405,0.4542201143,0.39794654107,2.860372271,0.47002466901,0.1931346022,1.64656895725,0.49299755853,0.21646646421,1.86031176125,0.7199475672,0.38186609165,0.72495461762,114744.123788288,233203.000976924,13160.5253709198,10291.8895544174,11030.4287389033,52123.8274292451,1.61718843627064,1.66082518254607,1.23913698604472,1.15362170955917,1.27520382006502,1.34609015886801,0.942889200908907,0.972446255899967,0.977928977156085,0.0520959615923701,0.0433070782379541,0.0489341093975582,0.0433070782379541,0.310875803806783,0,10702.1994027223,6.344588662e-05,65481090.2533626,1e-04,0,0.164628982543945,80.3758800029755,"3_275_3",3,275,3,1921,TRUE,TRUE,4,0.0481092507880226,6,TRUE
"18",1.64445479575,0.6318204841,0.14350944639,1.301245401,0.73238086283,0.38744414944,0.5459437882,0.37770970732,0.38987984677,1.793962437,0.50157776149,0.1352972158,0.90615768625,0.75986457657,0.019669725414,2.51310499025,0.73746626609,0.46906681185,0.72409013594,118989.295820799,192907.833897689,14043.3583497007,9877.11745647855,14014.442890171,97674.4250014924,1.88209920560171,1.63887880427547,1.15636917916556,1.16333455379647,1.02005862083648,1.62463530289715,0.936622406070113,0.95899124657807,0.970825419096331,0.0550687528223447,0.0530150633762137,0.0564540623060897,0.0530150633762137,0.195359220961598,0,69753.0692841339,0.0009653364222,65481090.2533626,1e-04,0,0.153481960296631,81.1948418617249,"3_278_6",3,278,6,1945,FALSE,TRUE,1,0.0289488836411577,6,FALSE
"19",1.397730588,0.60679385835,0.14051915628,0.6985433025,0.53092141394,0.30365699137,0.5012478607505,0.313720674779,0.39619548568,1.83654954825,0.38345015462,0.14430293812,1.0317214345,0.85890074877,0.04440325404,2.95458588725,0.83998073451,0.6067416892,0.72468632273,154475.58238886,160883.662097604,10736.0140543971,9484.53250457672,16201.5450247611,64675.1377865005,2.53760948857998,1.65601147688361,1.16852473495191,1.15937509893914,1.04643567428532,1.43153730092027,0.933851067869859,0.958022773371279,0.969547706870143,0.0562598779717532,0.0536374190365679,0.0576770296164219,0.0536374190365679,0.207525295223076,0,75532.7291957666,0.001053609814,65481090.2533626,1e-04,0,0.165251016616821,82.2372579574585,"3_282_2",3,282,2,1969,FALSE,TRUE,3,0.0310290705271182,6,FALSE
"20",0.8782358405,0.64238839558,0.22220791878,0.75739001825,0.91354222398,0.1536283816,0.5205165211875,0.55815488951,0.37101511672,1.93613605025,0.84417856122,0.1713357214,1.033512644,0.360338982081,0.23585143137,2.764489838,0.90976931862,0.3762322588,0.63769361399,144922.288448099,281738.142070584,23636.1034765819,10090.7181065014,8232.25310674963,97400.4131366117,1.60260919886534,1.58974961514665,1.2065917599258,1.27846478073936,1.307319814719,1.18020649065529,0.935049271036371,0.947821534403113,0.974017198832006,0.0567188241797384,0.0544620445006546,0.0490896425945732,0.0544620445006546,0.218667906894535,0,85871.1942328139,0.001211510346,65481090.2533626,1e-04,0,0.139403104782104,35.9387018680573,"4_124_1",4,124,1,862,FALSE,TRUE,4,0.0238987620995699,7,FALSE
"21",0.95188030825,0.96154545793,0.28740503526,0.78420712025,0.94815920806,0.11115694204,0.525588484225,0.6244645838,0.37793941291,1.8358311695,0.87384259464,0.15972175909,0.81004414725,0.43689954544,0.23246180505,2.93946194475,0.86526838375,0.390168502,0.6304150148,138017.65829666,316544.854466829,24466.4479750795,15187.7136022616,9944.75824565816,97945.8359293959,1.63916230696734,1.60743681151443,1.1899385322252,1.39304710907031,1.30158906512107,1.12426396152412,0.933230574214384,0.957717964650216,0.973096390616917,0.0573168519449096,0.0532614892214317,0.0495100721424079,0.0532614892214317,0.213869571155455,0,103535.542869356,0.001481299917,65481090.2533626,1e-04,0,0.2516028881073,52.4389879703522,"4_181_4",4,181,4,1264,FALSE,TRUE,3,0.0235421820451183,7,FALSE
"22",1.14928792525,0.61494278522,0.22253051697,0.664087018825,0.94680247751,0.122054130637,0.52134298629,0.62397592955,0.3786511885,1.86144469,0.85964909672,0.16441482565,0.8197062025,0.44782907377,0.23039261154,2.84864611125,0.8848537926,0.3909338802,0.631681049,141152.747624747,316436.374648858,24069.1271857623,9659.82993431577,10170.7641048433,98578.0314493341,1.64121805096407,1.60927726147525,1.19661243727654,1.27898457933558,1.29811511908657,1.13810938329387,0.933590997961233,0.958987551038814,0.97372538848761,0.0571619434038673,0.0524557637114465,0.0489278842682391,0.0524557637114465,0.216914996530773,0,87229.4668833252,0.001232255396,65481090.2533626,1e-04,0,0.15674090385437,60.0529489517212,"4_208_2",4,208,2,1451,FALSE,TRUE,3,0.0234574011129177,7,FALSE
"23",1.94100080875,0.42559620934,0.17381200677,0.602061287275,0.91680470852,0.107375276878,0.50104722700475,0.50428512657,0.36168805723,2.17742052225,0.80391418854,0.15041390836,0.6775122122,0.50028825096,0.22878353316,2.88886435425,0.94742067096,0.39236705195,0.62893982147,151155.852521056,253958.6341322,22508.4234366246,6663.96817070128,11342.4641115961,94452.4044169727,1.64508130163266,1.56653066362434,1.17691915704984,1.20507296364101,1.29542631670293,1.11953691307402,0.932132238516462,0.9575530458574,0.971835453897605,0.0577863509840055,0.0533652599114253,0.0506570229257343,0.0533652599114253,0.184797005594856,0,137114.623338127,0.001994156966,65481090.2533626,1e-04,0,0.154027938842773,62.29909491539,"4_216_1",4,216,1,1506,FALSE,TRUE,1,0.0225301849018423,7,FALSE
"24",1.94100080875,0.42559620934,0.17381200677,0.602061287275,0.91680470852,0.18223287793,0.605446349825,0.44731105599,0.35443223374,2.414339108,0.87669338202,0.19029478207,0.6775122122,0.50028825096,0.22878353316,2.88886435425,0.94742067096,0.39236705195,0.62893982147,151155.852521056,225206.989501081,24547.006090976,6663.96817070128,11342.4641115961,99997.8768970188,1.64508130163266,1.54893128453468,1.23479843166679,1.20507296364101,1.29542631670293,1.22110641867207,0.932205081045395,0.957587585594814,0.970791998434039,0.0577553315874585,0.0533435434276544,0.0515868733548146,0.0533435434276544,0.204265460422952,0,137114.623338127,0.001994156966,65481090.2533626,1e-04,0,0.165362119674683,64.5847790241241,"4_224_5",4,224,5,1566,FALSE,TRUE,2,0.0244603187340608,7,FALSE
"25",1.60915671275,0.5078455036,0.16594711995,0.529748480675,0.96338640074,0.17840655031,0.6259408921,0.61231491746,0.38359794496,2.826507244,0.928849109,0.2061671992,1.12146249975,0.3772627016,0.18706807272,2.6420539855,0.84813093006,0.3854811005,0.62469825098,135220.795453859,311482.570747085,26008.0310250395,7948.27224694221,8183.3537882009,104752.017513516,1.62668355946528,1.62218542858831,1.25944362538603,1.19394895556842,1.22937265157778,1.21547283843366,0.933537027000271,0.963300774354688,0.973179079942609,0.057048895989493,0.0512973241663214,0.0487938811277145,0.0512973241663214,0.227273329299736,0,86918.5413121157,0.001227506595,65481090.2533626,1e-04,0,0.162053108215332,72.0944709777832,"4_247_1",4,247,1,1723,FALSE,TRUE,2,0.0252199587428843,7,FALSE
"26",1.071745301,0.63145779408,0.19293087711,0.6528698581,0.84805962295,0.13637974951,0.522154541645,0.53286473994,0.35708144329,2.343513201,0.98140334962,0.21800018173,1.07417090775,0.358353483622,0.22606722375,2.831646916,0.67936981292,0.338956626925,0.62445478103,107915.004896064,268306.206987356,27480.2921332337,9898.92971488427,8100.79968157452,89237.8129216692,1.51238482314742,1.55531109625034,1.27846415886497,1.23301697283682,1.29091223896683,1.15683380497656,0.933311444088037,0.962568985829563,0.973033179434507,0.0571456292085954,0.0518062382227001,0.0489264156701167,0.0518062382227001,0.205912962351442,0,109242.252106819,0.001568459125,65481090.2533626,1e-04,0,0.175189971923828,72.1450080871582,"4_247_6",4,247,6,1728,FALSE,TRUE,1,0.0219244341129059,7,FALSE
"27",1.23240518775,0.63506241503,0.26400935445,0.771919236,0.97300590133,0.1460366173,0.58191108445,0.60006133458,0.39219639094,1.96436435925,0.86405186103,0.1808922985,0.76521893275,0.4232830872,0.1894748334,2.7924729645,0.69717173083,0.310373726045,0.62248124957,110569.497517262,306927.000367273,24192.7650927107,10009.429144494,9204.65958933593,103136.348519005,1.4497847287601,1.64512169427589,1.22064733230251,1.34960292190733,1.23300184415767,1.16980476251472,0.933148726551385,0.961171846380542,0.972492024488012,0.0572153033134128,0.0522942538192638,0.050042349612504,0.0522942538192638,0.230800017677082,0,121609.309645161,0.001757342577,65481090.2533626,1e-04,0,0.15863299369812,72.6530969142914,"4_249_4",4,249,4,1740,FALSE,TRUE,3,0.0270113292407864,7,FALSE
"28",0.881729074,0.47848051305,0.21214006461,0.59289468435,0.87873079691,0.16961159374,0.567722473475,0.51664556571,0.37403627098,2.17943506175,0.96539093166,0.14574166498,0.893849238,0.313544583171,0.22993671177,2.93108461,0.86273739956,0.35862428335,0.62740634507,137229.710970795,261264.179934515,27029.4767870463,7510.55539870505,7117.48912062223,94873.6266709727,1.55868786471474,1.5974186982145,1.17049030336624,1.26245595479513,1.29735218033654,1.20271778773216,0.933123455311105,0.958431374618734,0.972064947192151,0.0573628105383597,0.0528102464854473,0.0504502163622794,0.0528102464854473,0.219580917169924,0,107499.315015295,0.001541839052,65481090.2533626,1e-04,0,0.161760807037354,72.9537138938904,"4_250_7",4,250,7,1750,FALSE,TRUE,4,0.0253237547960296,7,FALSE
"29",1.071745301,0.63145779408,0.19293087711,0.6528698581,0.84805962295,0.13637974951,0.522154541645,0.53286473994,0.35708144329,2.343513201,0.98140334962,0.21800018173,1.07417090775,0.358353483622,0.22606722375,2.831646916,0.67936981292,0.338956626925,0.62445478103,107915.004896064,268306.206987356,27480.2921332337,9898.92971488427,8100.79968157452,89237.8129216692,1.51238482314742,1.55531109625034,1.27846415886497,1.23301697283682,1.29091223896683,1.15683380497656,0.933311444088037,0.962568985829563,0.973033179434507,0.0571456292085954,0.0518062382227001,0.0489264156701167,0.0518062382227001,0.205912962351442,0,109242.252106819,0.001568459125,65481090.2533626,1e-04,0,0.16216778755188,75.6461710929871,"4_260_5",4,260,5,1818,FALSE,TRUE,1,0.0219244341129059,NA,NA
"30",1.97184461,0.52720443774,0.2285032779,0.646132332675,0.80675605988,0.31790570542,0.571671172175,0.43623721489,0.37253223865,2.9150561165,0.84749658698,0.13080525607,0.69034424445,0.311638806844,0.17843535183,2.84749539,0.8849727569,0.35637299025,0.63396438614,140742.611868686,220400.462365557,23728.4887054854,8285.30960868212,6699.61710043619,99715.1030031259,1.55324483234439,1.59359155154678,1.15039984506351,1.28868673081747,1.21652727169588,1.46107134617616,0.923956951338459,0.944207082576275,0.957476180289045,0.0615359296940002,0.0594989225134812,0.0625150371073396,0.0594989225134812,0.207766251416628,0,126010.536849529,0.001824563012,65481090.2533626,1e-04,0,0.170382022857666,77.2695729732513,"4_266_3",4,266,3,1858,FALSE,TRUE,4,0.0360688429300655,7,FALSE
"31",1.0049922705,0.51828300235,0.17442442743,0.6528698581,0.84805962295,0.13637974951,0.522154541645,0.53286473994,0.35708144329,2.343513201,0.98140334962,0.21800018173,1.07417090775,0.358353483622,0.22606722375,2.831646916,0.67936981292,0.338956626925,0.62445478103,107915.004896064,268306.206987356,27480.2921332337,8115.54353039747,8100.79968157452,89237.8129216692,1.51238482314742,1.55531109625034,1.27846415886497,1.2059480443829,1.29091223896683,1.15683380497656,0.933435168213406,0.962770229132193,0.973175541540582,0.0570925948068428,0.0516667855578883,0.0487970996353854,0.0516667855578883,0.211457465581757,0,103671.250446944,0.001483372594,65481090.2533626,1e-04,0,0.163677930831909,78.0826869010925,"4_269_2",4,269,2,1878,FALSE,TRUE,1,0.0225038818907846,7,FALSE
"32",1.43492139975,0.41939316991,0.15283742169,0.554372756175,0.84805962295,0.13637974951,0.522154541645,0.53286473994,0.35708144329,2.343513201,0.98140334962,0.21800018173,1.07417090775,0.358353483622,0.19486790292,2.67997257175,0.81437870666,0.3761762058,0.62464955699,129726.326093554,268306.206987356,27480.2921332337,6559.3201972161,7836.77917278676,89237.8129216692,1.60246546241029,1.55531109625034,1.27846415886497,1.17586513811879,1.24121160077915,1.15683380497656,0.933390984169087,0.963594531807354,0.973746091991671,0.0571115399705574,0.0510916080095795,0.0482753584965942,0.0510916080095795,0.221204855520884,0,85812.2818111814,0.00121061057,65481090.2533626,1e-04,0,0.152511119842529,81.6650290489197,"4_282_1",4,282,1,1968,FALSE,TRUE,1,0.0235966310089327,7,TRUE
"33",1.29956258375,0.83774279468,0.22489972653,0.879320565,0.85888752801,0.39134358658,0.5147892370575,0.9854325905,0.3890198149,2.8447694135,0.54240338213,0.2534305618,2.22672855575,0.6812621141,0.05331119772,2.53844382175,0.30059629421425,0.42301444935,0.72462067997,48133.9807692653,503013.181363315,15189.7921185509,13162.0089040379,12956.8361062192,115065.648203894,1.73226605599404,1.63657312412484,1.33899950861585,1.28281527977801,1.05626807036258,1.63489813054202,0.944644861750296,0.972417069274347,0.97651888562734,0.0514655166519171,0.0434791660300244,0.0506468264114376,0.0434791660300244,0.306097705011576,0,17930.7624795385,0.0001738485384,65481090.2533626,1e-04,0,0.168453931808472,54.437075138092,"5_185_4",5,185,4,1292,FALSE,TRUE,4,0.04746831958073,8,FALSE
"34",0.916677325,0.83135755239,0.15389133366,0.8626482155,0.71763414497,0.35713945099,0.52447988454,0.75443103923,0.38601013486,2.81238117825,0.67994506844,0.33572041909,2.2487912875,0.68526937288,0.07141435548,2.62132970975,0.3057731684598,0.4990650529,0.72113621918,49863.3893249269,384361.39489496,19057.709380631,13003.1574022209,13255.2981692993,92489.0837285191,1.99442847708774,1.62855518160883,1.50432786853241,1.17729824292755,1.07682235129393,1.54906369211693,0.942609855201243,0.974890500498926,0.978094641977432,0.0521765432404205,0.0415977901984789,0.0489039838566859,0.0415977901984789,0.324685736445343,0,13138.2594898852,0.0001006521046,65481090.2533626,1e-04,0,0.173886060714722,54.4681820869446,"5_185_7",5,185,7,1295,FALSE,TRUE,2,0.0524313974744974,8,FALSE
"35",1.21014445675,0.81618778393,0.12076490919,0.87376828375,0.50024815727,0.33875951764,0.50124252688925,0.63448125137,0.38418661825,2.94899575075,0.44550593435,0.31097490211,1.77097897175,0.5163002345,0.020158604586,2.44102117,0.302692610312,0.33499047289,0.72097390901,48069.6388151661,322878.123926183,12482.1310437967,12746.4518556002,9526.49543347198,63199.6887013705,1.5033780445717,1.62373531305135,1.45049179392461,1.13389436194837,1.02056727283099,1.50655918472685,0.944492381988414,0.978031812321531,0.979467594661556,0.05113640387005,0.0387744451690922,0.0471830728220097,0.0387744451690922,0.367071621181217,0,8544.15488599766,3.048583152e-05,65481090.2533626,1e-04,0,0.168352842330933,61.8538951873779,"5_210_2",5,210,2,1465,TRUE,TRUE,2,0.0655515191234018,2,FALSE
"36",1.130080002,0.83226742037,0.2877367779,0.80112346925,0.9387530037,0.39390590614,0.5337129759,0.78071336271,0.39523366585,2.81453914425,0.64797511854,0.32584532464,2.114021039,0.44489756988,0.23058542733,2.540215346,0.320717163614,0.43604417355,0.72109431719,51451.8032772684,400117.4585318,18158.6574036946,13146.1689213202,10106.290375587,126141.816425314,1.77218919890076,1.65337924759261,1.48237380648259,1.39368356741918,1.29843805962195,1.6417127100514,0.942269016249283,0.97249683067339,0.975846154012847,0.05233125161489,0.0435354064501048,0.0513525729197897,0.0435354064501048,0.306001691839153,0,26281.4309846748,0.0003013892318,65481090.2533626,1e-04,0,0.165357112884521,61.8768181800842,"5_210_5",5,210,5,1468,FALSE,TRUE,4,0.0478014817444006,4,FALSE
"37",1.2924596865,0.82508660421,0.12076490919,0.87376828375,0.50024815727,0.33875951764,0.50124252688925,0.63448125137,0.38418661825,2.94899575075,0.44550593435,0.31097490211,1.77097897175,0.5163002345,0.020158604586,2.44102117,0.302692610312,0.33499047289,0.72097390901,48069.6388151661,322878.123926183,12482.1310437967,12885.4252469005,9526.49543347198,63199.6887013705,1.5033780445717,1.62373531305135,1.45049179392461,1.13389436194837,1.02056727283099,1.50655918472685,0.944492381988414,0.978031812321531,0.979467594661556,0.05113640387005,0.0387744451690922,0.0471830728220097,0.0387744451690922,0.367071621181217,0,8544.15488599766,3.048583152e-05,65481090.2533626,1e-04,0,0.170943975448608,63.0286390781403,"5_214_4",5,214,4,1495,TRUE,TRUE,2,0.0655515191234018,2,FALSE
"38",1.3401036105,0.8080348525,0.25964999799,0.855110189,0.67675633401,0.39135411097,0.5045057078625,0.83082279208,0.39080774386,2.87092717925,0.41822803783,0.37513665721,1.98976857175,0.65655401719,0.24954072075,2.50402243125,0.3020624070299,0.4164789781,0.72025992494,48327.0945964459,424579.482900354,11894.595583671,12730.8760151702,15225.267131765,90666.5400663104,1.71290952128544,1.64137371635829,1.59880328913297,1.34181019872337,1.33098129408768,1.63492600483609,0.942632877008387,0.97394845433455,0.978064871032364,0.0521660769939227,0.0423709283849086,0.0489372045755011,0.0423709283849086,0.300379962463265,0,17479.8797383202,0.0001669621559,65481090.2533626,1e-04,0,0.162986993789673,64.1875760555267,"5_218_7",5,218,7,1526,FALSE,TRUE,3,0.0448735117543624,4,TRUE
"39",1.3401036105,0.8080348525,0.25964999799,0.855110189,0.67675633401,0.3946567108,0.5045057078625,0.83082279208,0.39080774386,2.87092717925,0.41822803783,0.37513665721,1.98976857175,0.65655401719,0.24954072075,2.50402243125,0.3020624070299,0.4164789781,0.72025992494,48327.0945964459,424579.482900354,11894.595583671,12730.8760151702,15225.267131765,91016.794418159,1.71290952128544,1.64137371635829,1.59880328913297,1.34181019872337,1.33098129408768,1.64372027523671,0.942631645168141,0.973966348945319,0.978041038451063,0.0521666370701894,0.0423563737491057,0.0489637825656124,0.0423563737491057,0.30023033657621,0,17479.8797383202,0.0001669621559,65481090.2533626,1e-04,0,0.15488600730896,65.5405189990997,"5_223_2",5,223,2,1556,FALSE,TRUE,2,0.0448408882338793,4,FALSE
"40",0.64073496075,0.80882083007,0.12381005226,0.86148455875,0.90322252984,0.376873069,0.541905012175,0.96287220377,0.39079355572,2.84501315375,0.7393317698,0.2959283104,2.50348481525,0.55623451882,0.06555045291,2.59955840625,0.307884766736,0.4562348312,0.71718477302,49557.3084574962,492056.855752354,20711.024714394,12632.9784112586,10700.2703684113,119007.036380258,1.83781298680656,1.64133551042256,1.4195921879705,1.13774741625879,1.07007860178603,1.5974507036317,0.943143768525779,0.973918057258485,0.977182520462347,0.0519332711016918,0.0423956404858961,0.049911761391109,0.0423956404858961,0.327754872731151,0,17211.7247439261,0.0001628665947,65481090.2533626,1e-04,0,0.149088144302368,66.3568911552429,"5_226_4",5,226,4,1579,FALSE,TRUE,4,0.0538301247930843,8,FALSE
"41",0.89427828975,0.80575642866,0.018444344589,0.87376828375,0.50024815727,0.33875951764,0.50124252688925,0.63448125137,0.38418661825,2.94899575075,0.47688682788,0.32746385854,1.91114109775,0.59833830985,0.16420853382,2.55238183125,0.305169271618,0.4502961191,0.71875106972,49069.486777103,322878.123926183,13364.4708972075,12553.5039837259,12676.4786974732,63199.6887013705,1.818013171332,1.62373531305135,1.48592829229773,1.01831824658618,1.1959275461302,1.50655918472685,0.9417573586004,0.971909276978052,0.97593876008879,0.0525626405334216,0.043997975231838,0.0512540352532581,0.043997975231838,0.29840471619946,0,28045.6633502058,0.0003283345499,65481090.2533626,1e-04,0,0.152865171432495,66.620628118515,"5_227_3",5,227,3,1585,FALSE,TRUE,4,0.0454796809820886,5,FALSE
"42",1.3401036105,0.8080348525,0.25964999799,0.855110189,0.67675633401,0.3946567108,0.5045057078625,0.83082279208,0.38107243459,2.868867645,0.47676444849,0.33428150149,1.95371711325,0.7905790225,0.25524623199,2.50655274475,0.30034684098421,0.323152441405,0.72025992494,47664.8471818207,421968.824099708,13362.5606964823,12730.8760151702,18448.6828775404,91016.794418159,1.47712045837177,1.61556956554119,1.50108871651751,1.34181019872337,1.34109531657507,1.64372027523671,0.944083754833756,0.973454739598391,0.977526968229159,0.0515021836460604,0.0427705393730186,0.0495336001929278,0.0427705393730186,0.292379945058036,0,17479.8797383202,0.0001669621559,65481090.2533626,1e-04,0,0.148966789245605,66.6257281303406,"5_227_4",5,227,4,1586,FALSE,TRUE,2,0.0427612198490919,4,FALSE
"43",1.2361658385,0.8267123708,0.01036283064,1.0021881855,0.37870818592,0.29801991547,0.5041668472175,0.37096623506,0.37670021362,2.9565307365,0.42209265054,0.35669667853,1.77097897175,0.5163002345,0.020158604586,2.44102117,0.302692610312,0.33499047289,0.72097390901,48069.6388151661,187901.450943926,11835.6802964354,12879.4890896664,9526.49543347198,45872.8783428699,1.5033780445717,1.60424260910306,1.55317773889293,1.01020793817348,1.02056727283099,1.42017966699289,0.943916448770594,0.977834289112019,0.980299827879462,0.0514010085675291,0.0389483719880903,0.046216953741051,0.0389483719880903,0.362496786380291,0,8544.15488599766,3.048583152e-05,65481090.2533626,1e-04,0,0.160824060440063,67.7252421379089,"5_231_5",5,231,5,1615,TRUE,TRUE,3,0.0637479954442938,2,FALSE
"44",1.1864343035,0.81689312073,0.2258847567,0.770709374,0.69896468752,0.38921111878,0.543966453875,0.68009112407,0.37595111803,2.9439314615,0.47442159532,0.24257943826,1.91895085775,0.57482126098,0.021944519334,2.457387387,0.3043837470544,0.40161133545,0.72090131228,48611.430883416,344320.586488804,13285.3441448949,12835.3833993224,10623.3823426057,93408.8893622458,1.6704428071007,1.60231785843243,1.31986156575569,1.28441482613977,1.02242967795792,1.62926973616104,0.944049907948584,0.974784216929842,0.976578681733626,0.051517768783944,0.0416857348627445,0.0505678779818683,0.0416857348627445,0.317715076491495,0,16486.9808561337,0.0001517975003,65481090.2533626,1e-04,0,0.164222002029419,67.9818761348724,"5_232_3",5,232,3,1620,FALSE,TRUE,2,0.0509895336258491,8,FALSE
"45",1.21014445675,0.81618778393,0.12076490919,0.87376828375,0.50024815727,0.33875951764,0.50124252688925,0.63448125137,0.38639634364,2.81805861775,0.55597246038,0.3928071439,1.5667668865,0.64903948618,0.04752756501,2.44102117,0.302692610312,0.33499047289,0.72097390901,48069.6388151661,323329.51940153,16095.598214541,12746.4518556002,12278.180189223,63199.6887013705,1.5033780445717,1.62957966893744,1.64509748279848,1.13389436194837,1.04986359217419,1.50655918472685,0.944069121672324,0.978464787532772,0.980529208811497,0.0513309979408604,0.0383904371544484,0.0459471000533581,0.0383904371544484,0.368531865832949,0,8544.15488599766,3.048583152e-05,65481090.2533626,1e-04,0,0.2933030128479,69.1477200984955,"5_235_7",5,235,7,1645,TRUE,TRUE,2,0.0656696034881617,2,FALSE
"46",1.3978387635,0.85595494997,0.2700776577,0.84519282275,0.92458177691,0.39824032462,0.5125551550775,0.94278668643,0.39869101453,2.9197226115,0.53836111838,0.2152184593,2.08911005375,0.49030613763,0.26383624953,2.57911013,0.317140709796,0.33310236232,0.72126085451,50358.3825050468,484277.377370912,15074.5561629315,13498.25230753,11550.8910676762,124871.036563947,1.49912782024462,1.66288024417885,1.27394148557186,1.36060491700476,1.35661300649575,1.65337048085694,0.943736289694303,0.97132706292328,0.975261805219642,0.0516619538440611,0.0444515923502035,0.0519700415343755,0.0444515923502035,0.266548218320558,0,27352.6887251172,0.000317750671,65481090.2533626,1e-04,0,0.264994859695435,69.897224187851,"5_237_2",5,237,2,1654,FALSE,TRUE,4,0.0369574993836699,4,FALSE
"47",1.21014445675,0.81618778393,0.12076490919,0.87376828375,0.50024815727,0.33875951764,0.50124252688925,0.63448125137,0.38639634364,2.81805861775,0.55597246038,0.3928071439,1.5667668865,0.64903948618,0.04752756501,2.44102117,0.302692610312,0.33499047289,0.72097390901,48069.6388151661,323329.51940153,16095.598214541,12746.4518556002,12278.180189223,63199.6887013705,1.5033780445717,1.62957966893744,1.64509748279848,1.13389436194837,1.04986359217419,1.50655918472685,0.944051952072294,0.97833188048352,0.980473556389397,0.0513388761031821,0.038508720442309,0.0460127173876194,0.038508720442309,0.368441621033318,0,9338.47399436589,4.261755604e-05,65481090.2533626,1e-04,0,0.264344930648804,71.0716450214386,"5_240_2",5,240,2,1675,TRUE,TRUE,3,0.0656583539790214,NA,NA
"48",1.139353696,0.78230473403,0.19037266248,0.8235295,0.88352811692,0.39241823659,0.50176524963775,0.81955786365,0.39539552221,2.999478153,0.38650069953,0.23553535546,2.15171746625,0.48661004698,0.182848041,2.49129087025,0.314465848733,0.342294467745,0.72098460464,49962.2565642455,420069.721968267,10822.9844620365,12261.6455783313,10509.0590705395,118515.087621414,1.52004862930486,1.6538216175304,1.30772709774667,1.22920156976718,1.22305995018472,1.63774930120761,0.944357354750041,0.97378352689823,0.97696681005157,0.0513760282478557,0.0425048379698245,0.0501471327043488,0.0425048379698245,0.324524822334654,0,15923.9616474923,0.000143198445,65481090.2533626,1e-04,0,0.253362894058228,71.846223115921,"5_242_4",5,242,4,1691,TRUE,TRUE,4,0.0529179628198902,3,FALSE
"49",1.34926809,0.78961183019,0.26587551837,0.7247280142,0.52391265694,0.32568494434,0.55070871905,0.69996282249,0.38316912961,2.98979753375,0.6838964171,0.33522377149,1.55972485575,0.54777764564,0.28591661709,2.361896431,0.3046396446845,0.38292044235,0.71755098758,48557.8599963353,355972.832746258,19168.2896369762,12447.3778216067,13228.1706824093,65281.0482341927,1.61994633350634,1.62105828474453,1.50320829272191,1.35296703369761,1.39818222707523,1.47771537073986,0.94411025310247,0.978463829698257,0.979609170642882,0.0513121201248268,0.0383912909021638,0.0470201219976705,0.0383912909021638,0.431337548933512,0,11239.8183258198,7.165700052e-05,65481090.2533626,1e-04,0,0.258266925811768,72.2560570240021,"5_243_7",5,243,7,1701,TRUE,TRUE,4,0.0869532588401602,4,FALSE
"50",1.21014445675,0.81618778393,0.12076490919,0.87376828375,0.50024815727,0.33875951764,0.50124252688925,0.63448125137,0.38804684296,2.74621654825,0.50403888484,0.37137007354,1.4391742325,0.69665533481,0.04752756501,2.44102117,0.302692610312,0.33499047289,0.72097390901,48069.6388151661,323669.163642154,14282.3302719189,12746.4518556002,13178.951223637,63199.6887013705,1.5033780445717,1.63397246224546,1.58926838564513,1.13389436194837,1.04986359217419,1.50655918472685,0.944106114758382,0.978172090707096,0.980291115149918,0.0513140197870201,0.0386504493360026,0.0462271727204374,0.0386504493360026,0.368160267621598,0,9338.47399436589,4.261755604e-05,65481090.2533626,1e-04,0,0.146924018859863,72.546450138092,"5_244_4",5,244,4,1705,TRUE,TRUE,3,0.0656267049040624,2,FALSE
"51",1.12059024,0.81730056938,0.06049421952,0.81020516275,0.39100206185,0.27397684705,0.525282380325,0.42458195918,0.39179391511,2.96490852425,0.58970304216,0.34205110432,1.63978679625,0.55108036709,0.25427846715,2.4777456765,0.3036244008843,0.326147743305,0.71757338318,48192.8786238302,217114.141485706,16530.3310503103,12740.4599797924,12846.1144875957,46260.8276595557,1.4836773679707,1.64403364757762,1.51874568419235,1.06276953959092,1.33936907791199,1.37369195915127,0.944355886135195,0.978386908391841,0.980040768065872,0.0511992386809658,0.0384597913826328,0.0465198407048295,0.0384597913826328,0.371719814913669,0,8640.80067715092,3.196191349e-05,65481090.2533626,1e-04,0,0.149292945861816,72.5559961795807,"5_244_5",5,244,5,1706,TRUE,TRUE,3,0.0668917171303147,5,FALSE
"52",1.34926809,0.78961183019,0.26587551837,0.7247280142,0.38879059189,0.29443594234,0.5188229835525,0.96666870732,0.38017200799,2.98979753375,0.6838964171,0.33522377149,1.55972485575,0.54777764564,0.28591661709,2.361896431,0.3046396446845,0.38292044235,0.71755098758,48557.8599963353,490688.68280659,19168.2896369762,12447.3778216067,13228.1706824093,46926.4490410159,1.61994633350634,1.61322381456993,1.50320829272191,1.35296703369761,1.39818222707523,1.41305176228631,0.944051123056002,0.978504115180262,0.979729021582333,0.0513392564614668,0.0383553667897076,0.0468817335360956,0.0383553667897076,0.424862686022797,0,11239.8183258198,7.165700052e-05,65481090.2533626,1e-04,0,0.186192989349365,73.6872160434723,"5_248_2",5,248,2,1731,TRUE,TRUE,2,0.0847436137643413,4,FALSE
"53",1.21014445675,0.81618778393,0.12076490919,0.87376828375,0.50024815727,0.33875951764,0.50124252688925,0.63448125137,0.38804684296,2.74621654825,0.50403888484,0.37137007354,1.4391742325,0.69665533481,0.04752756501,2.44102117,0.302692610312,0.3547285972,0.72097390901,48133.1844265433,323669.163642154,14282.3302719189,12746.4518556002,13178.951223637,63199.6887013705,1.54929303412863,1.63397246224546,1.58926838564513,1.13389436194837,1.04986359217419,1.50655918472685,0.943956546601127,0.978279077417974,0.980282922465346,0.0513826302960405,0.0385556128643654,0.0462367796895341,0.0385556128643654,0.371819295856747,0,9338.47399436589,4.261755604e-05,65481090.2533626,1e-04,0,0.176458835601807,73.7091500759125,"5_248_6",5,248,6,1735,TRUE,TRUE,4,0.0668435484560913,2,FALSE
"54",1.389622589,0.86039465923,0.15253572786,0.9503308665,0.95095825207,0.37170561229,0.5038219304675,0.74204401087,0.3915531463,2.97624542575,0.58176447362,0.19106888779,1.91407758675,0.46725567684,0.07348306596,2.50824203525,0.3038274347349,0.302422709203,0.72035091872,48168.9003148321,379392.536026667,16289.1518118187,13456.3875987066,9055.85245467193,124565.563315617,1.43328001854203,1.6433834441579,1.235978072402,1.17545555154533,1.07922152096826,1.58449036381463,0.944480329998392,0.971997517585634,0.975859060997823,0.0513192240242844,0.0439288160687377,0.051338850561526,0.0439288160687377,0.259449843607008,0,26078.541531139,0.0002982904785,65481090.2533626,1e-04,0,0.171324014663696,73.9614000320435,"5_249_1",5,249,1,1737,FALSE,TRUE,2,0.0346742677466561,8,FALSE
"55",1.4323930175,0.80429526371,0.25810865826,0.9362423685,0.72590923431,0.38356806547,0.502945452195,0.320128335885,0.39456855718,2.9232754585,0.59853272085,0.2901367069,1.949748057,0.48636937452,0.24326613198,2.470139387,0.315301204086,0.37603666435,0.72016484,50225.2256791541,163995.436449264,16765.8745236714,12670.2771385709,11201.549928971,96379.5247691327,1.60210774860386,1.65156391708054,1.40804511185991,1.33907675662618,1.3200314788612,1.61456081839015,0.943292363987146,0.972513043832028,0.976602840900543,0.0518653621235255,0.0435225724654501,0.0505417907865482,0.0435225724654501,0.250829247053739,0,25340.5486995099,0.0002870190315,65481090.2533626,1e-04,0,0.168715000152588,73.9869630336761,"5_249_5",5,249,5,1741,FALSE,TRUE,1,0.0319299389527371,9,FALSE
"56",1.212268412,0.85016746575,0.19741252623,1.0806375115,0.67981609183,0.38456096557,0.5065116304025,0.303094371126,0.38506014625,2.79790019975,0.41618164719,0.25082023168,2.28298714475,0.77913477444,0.20557763844,2.81299238025,0.312031364191,0.319277374325,0.72521668886,49509.0556546742,154325.267634982,11654.8560320713,13331.3838240921,17231.9963054433,90362.8764875308,1.46872300864603,1.62604063620297,1.33434538906804,1.23975955477679,1.25783966442302,1.617129584012,0.944374368186383,0.967856379300851,0.975642182735472,0.051591106854438,0.0469362510689493,0.051583650015774,0.0469362510689493,0.239556210960604,0,24022.0806879819,0.0002668819222,65481090.2533626,1e-04,0,0.177599906921387,74.2702271938324,"5_250_3",5,250,3,1746,FALSE,TRUE,3,0.0301498327256514,9,FALSE
"57",1.21239702875,0.87356392331,0.08538721959,0.94222245425,0.91807795294,0.3942472795,0.5015428602285,0.53072983346,0.38926651741,2.9639194715,0.55203062136,0.27034013638,2.0526187435,0.42449108987,0.04084550007,2.662461499,0.321851810617,0.3789154152,0.72500009438,51282.1114310957,270953.343988533,15460.8946198136,13625.8224666808,7981.1110692134,123412.936150263,1.60951982359316,1.63723385157745,1.36994990461252,1.09100978402509,1.04255898549335,1.64262489488227,0.942944633202899,0.968273070559895,0.974153716562188,0.0522499185643691,0.0466310314993152,0.0531363766254028,0.0466310314993152,0.246803035969645,0,38840.6760251424,0.000493207985,65481090.2533626,1e-04,0,0.182887077331543,74.8479380607605,"5_252_1",5,252,1,1758,FALSE,TRUE,3,0.0330175213111647,8,FALSE
"58",1.34926809,0.78961183019,0.26587551837,0.7247280142,0.38879059189,0.29443594234,0.5188229835525,0.96666870732,0.38017200799,2.98979753375,0.6838964171,0.33522377149,1.55972485575,0.54777764564,0.28591661709,2.361896431,0.3046396446845,0.38292044235,0.71755098758,48557.8599963353,490688.68280659,19168.2896369762,12447.3778216067,13228.1706824093,46926.4490410159,1.61994633350634,1.61322381456993,1.50320829272191,1.35296703369761,1.39818222707523,1.41305176228631,0.944051123056002,0.978504115180262,0.979729021582333,0.0513392564614668,0.0383553667897076,0.0468817335360956,0.0383553667897076,0.424862686022797,0,11239.8183258198,7.165700052e-05,65481090.2533626,1e-04,0,0.185909986495972,74.8735539913177,"5_252_4",5,252,4,1761,TRUE,TRUE,2,0.0847436137643413,NA,NA
"59",1.389622589,0.86039465923,0.24324045783,0.9909167915,0.57368947753,0.37170561229,0.5038219304675,0.74204401087,0.3915531463,2.97624542575,0.58176447362,0.19106888779,1.91407758675,0.46725567684,0.07348306596,2.50824203525,0.3038274347349,0.302422709203,0.72035091872,48168.9003148321,379392.536026667,16289.1518118187,13537.236429627,9055.85245467193,75147.3082874157,1.43328001854203,1.6433834441579,1.235978072402,1.3132789983641,1.07922152096826,1.58449036381463,0.944284382079439,0.971858964500043,0.975906816865804,0.0514097058129769,0.0440373593524679,0.0512880458873447,0.0440373593524679,0.265125408373232,0,26078.541531139,0.0002982904785,65481090.2533626,1e-04,0,0.170884132385254,75.152398109436,"5_253_3",5,253,3,1767,FALSE,TRUE,3,0.0361132839621253,8,FALSE
"60",1.139353696,0.78230473403,0.19037266248,0.8235295,0.88352811692,0.39241823659,0.5112420982175,0.6181873373,0.38625335728,2.94337994425,0.43974147845,0.18492155992,2.2003444815,0.39615040092,0.23143472754,2.786229615,0.318520149144,0.342294467745,0.72098460464,50606.4028145904,314997.624591729,12312.4698832618,12261.6455783313,9007.21202580845,118515.087621414,1.52004862930486,1.62920022214321,1.22667175102801,1.22920156976718,1.29986241859217,1.63774930120761,0.944420092229233,0.976056194726526,0.97729306212194,0.051169691512964,0.0404804249546347,0.04961872407778,0.0404804249546347,0.328626356957967,0,15923.9616474923,0.000143198445,65481090.2533626,1e-04,0,0.156936883926392,75.6999452114105,"5_255_3",5,255,3,1781,TRUE,TRUE,3,0.0539799996981306,3,FALSE
"61",1.3737201145,0.85883571128,0.19139217024,1.032459691,0.96272468346,0.37003617568,0.5047614507625,0.37074436306,0.39679180987,2.92216170825,0.64411677335,0.39989122423,1.6376521385,0.43272039382,0.23846682714,2.662257652,0.330122747214,0.4103312231,0.72341595368,52775.9461159019,190201.079629035,18784.7980615033,13462.0476175101,9913.98999306491,125869.990857506,1.69509111183316,1.65764765710166,1.66441383954784,1.23071920867307,1.31177585100973,1.58034811719643,0.940929786130259,0.96686562715582,0.974769601559093,0.0531644883572872,0.0476541116931042,0.0524994724918303,0.0476541116931042,0.23900321196782,0,47893.7416883917,0.0006314764687,65481090.2533626,1e-04,0,0.1666259765625,75.7160630226135,"5_255_4",5,255,4,1782,FALSE,TRUE,2,0.0308027688772149,9,FALSE
"62",1.274777066,0.81328526655,0.20278501686,0.8459120395,0.94981684145,0.39170775679,0.543753068775,0.75946111806,0.39113365192,2.9514646205,0.62534005973,0.24388640776,1.7141396615,0.59429749538,0.005972389638,2.662461499,0.321851810617,0.38999796775,0.71900064806,51337.2063761008,388192.601803676,17511.6446330682,12757.6150969896,10828.1801649824,127301.480981042,1.63870496546522,1.64225181366094,1.32213772852006,1.24794208901751,1.0060077557272,1.63586320364083,0.943481824949834,0.972949776274428,0.976138043188338,0.0517786482040825,0.043175429130285,0.0510413425545008,0.043175429130285,0.291060744952564,0,22589.6476883975,0.0002450042129,65481090.2533626,1e-04,0,0.169530868530273,75.9861011505127,"5_256_3",5,256,3,1788,FALSE,TRUE,2,0.0432007883570128,8,FALSE
"63",1.09470758575,0.78708184868,0.18182301951,0.7591356855,0.6860557757,0.33902350876,0.50789102513,0.64596110661,0.39045724483,2.7073198175,0.52794415161,0.30749957665,1.6145060135,0.59924971433,0.14315678253,2.6463384965,0.310353502208,0.33499047289,0.72097390901,49286.2403901539,330034.311617725,14791.2492451675,12329.9650644965,12428.2580668126,86698.4587470734,1.5033780445717,1.64043040979223,1.44323655589078,1.2166231363653,1.16668071459758,1.50715316913278,0.944311074453852,0.977585475472739,0.979283908514672,0.0512198505846816,0.0391663627930237,0.0473936565094287,0.0391663627930237,0.353703032186628,0,9338.47399436589,4.261755604e-05,65481090.2533626,1e-04,0,0.163679838180542,76.2654511928558,"5_257_3",5,257,3,1795,TRUE,TRUE,3,0.0612239770610947,8,FALSE
"64",1.34238905875,0.84822407388,0.22816097007,0.83819529075,0.81786583387,0.3733876291,0.515100600125,0.83914574098,0.39731159464,2.928759794,0.58970304216,0.34205110432,1.63978679625,0.50246098348,0.26192469306,2.55883723925,0.314437448018,0.331711438515,0.72052336025,49925.0309907497,430649.474369927,16530.3310503103,13329.963828205,11812.1599544747,107335.520891904,1.49601209461545,1.65907646745212,1.51874568419235,1.28812664112664,1.35312913384167,1.58868583761158,0.944306270750746,0.977840226741717,0.979501450118241,0.0512220596383419,0.0389431549999985,0.0471441571792233,0.0389431549999985,0.364621620906957,0,10036.310666635,5.327569353e-05,65481090.2533626,1e-04,0,0.152414083480835,76.2627811431885,"5_257_4",5,257,4,1796,TRUE,TRUE,3,0.0647314483123576,4,FALSE
"65",1.49093296875,0.83883889262,0.17281091556,0.921472672,0.84188300103,0.36939461092,0.514044173635,0.353436925633,0.39507872872,2.9521999745,0.54794305249,0.36704998324,1.7259146485,0.68383149112,0.027290493633,2.4504788645,0.3014806053262,0.301326691161,0.7242080858,47794.582507797,181118.96317065,15461.5298803305,13133.7434419722,12699.2551992888,109991.383200099,1.43103427184537,1.65295601005197,1.57847062175796,1.20364530161272,1.02804489537633,1.57876200460522,0.944249996317848,0.970574902143482,0.977168779221157,0.0516487502424204,0.0449076117089856,0.0499410250452957,0.0449076117089856,0.256314945586256,0,26099.6486182172,0.0002986128494,65481090.2533626,1e-04,0,0.163135051727295,76.5393621921539,"5_258_4",5,258,4,1803,FALSE,TRUE,3,0.0328745116480163,8,TRUE
"66",1.503274129,0.82042507188,0.03580465647,0.9796851675,0.313974113909,0.30336005062,0.51274537733,0.38937049506,0.38140734082,2.9275236365,0.64882764441,0.29705070109,2.08911005375,0.49030613763,0.26383624953,2.32439213,0.3031177836914,0.3966468132,0.72090144995,48382.7385085133,197799.769066417,18175.9220239031,12784.0605353602,11550.8910676762,38235.8739320479,1.6567265580617,1.61644378816014,1.42185181348994,1.03620010969109,1.35661300649575,1.43093449715805,0.944254540702396,0.978916260020005,0.979723444033994,0.0512458424291311,0.0379858896974888,0.0468881828338362,0.0379858896974888,0.394468190191466,0,7327.95305270025,1.191064499e-05,65481090.2533626,1e-04,0,0.164899110794067,76.5479021072388,"5_258_5",5,258,5,1804,TRUE,TRUE,1,0.0745623600783987,5,FALSE
"67",1.08264880675,0.76940088748,0.2317841361,0.78877526075,0.78692378672,0.34341535153,0.5112420982175,0.6181873373,0.38625335728,2.94337994425,0.43974147845,0.18492155992,2.2003444815,0.39615040092,0.23143472754,2.786229615,0.318520149144,0.342294467745,0.72098460464,50606.4028145904,314997.624591729,12312.4698832618,12094.6023582832,9007.21202580845,99914.9753891008,1.52004862930486,1.62920022214321,1.22667175102801,1.29408017043746,1.29986241859217,1.51710401061817,0.94438559623914,0.97591305135161,0.977515614019726,0.0511855684317979,0.0406012468131783,0.0493749674711948,0.0406012468131783,0.332323985704215,0,15923.9616474923,0.000143198445,65481090.2533626,1e-04,0,0.159097909927368,76.8245241641998,"5_259_5",5,259,5,1811,TRUE,TRUE,4,0.0550509489534377,3,FALSE
"68",1.37562779225,0.80254468859,0.24701661777,0.94950993275,0.67182448408,0.37675784488,0.505939849275,0.38328793452,0.38996961691,2.9116725905,0.59406467699,0.29264722915,1.94572149225,0.46902797905,0.24652990329,2.46334832425,0.313684600272,0.36625553815,0.72060709703,49925.7897570555,195768.078938096,16641.1042287173,12630.9286424953,10840.7692769004,88506.8338039724,1.5774248008315,1.6391198453784,1.4130274480467,1.31973480574528,1.32570474417179,1.5971594034271,0.943469448493456,0.97274967003089,0.976715634475677,0.0517843171866816,0.0433348317600023,0.0504198170783703,0.0433348317600023,0.262840266865806,0,24239.3853309939,0.0002702008403,65481090.2533626,1e-04,0,0.160299062728882,76.8448801040649,"5_259_7",5,259,7,1813,FALSE,TRUE,1,0.0349150850337342,9,FALSE
"69",1.34926809,0.78961183019,0.26587551837,0.7247280142,0.38879059189,0.29443594234,0.5188229835525,0.96666870732,0.38017200799,2.98979753375,0.6838964171,0.33522377149,2.02043646675,0.77665694132,0.25488957447,2.361896431,0.3046396446845,0.38292044235,0.71755098758,48557.8599963353,490688.68280659,19168.2896369762,12447.3778216067,18116.6772040202,46926.4490410159,1.61994633350634,1.61322381456993,1.50320829272191,1.35296703369761,1.34045862061818,1.41305176228631,0.944187946630691,0.977340196908897,0.979492588286853,0.0512764426856772,0.0393800753560971,0.0471543466421484,0.0393800753560971,0.348956953287365,0,11239.8183258198,7.165700052e-05,65481090.2533626,1e-04,0,0.160966157913208,77.3543469905853,"5_261_1",5,261,1,1821,FALSE,TRUE,4,0.0595912466374831,4,FALSE
"70",1.28277491825,0.81549092434,0.25764957624,0.854960084,0.65769995366,0.39301469803,0.5047829431725,0.84075972013,0.38744818753,2.8783407515,0.40113158384,0.39399846934,1.91147155475,0.62822758535,0.23296297497,2.527577771,0.3036472605897,0.43994176795,0.72090941657,48742.4887681198,428734.831714664,11627.1445715148,12846.1398744526,14307.5461904141,88284.2750898723,1.78449055742225,1.63237641260652,1.64831466804756,1.33826479759571,1.30243324427847,1.63933607744308,0.942042540885428,0.973985877422031,0.978097066371438,0.0524337974039956,0.0423404844942292,0.0489012775369378,0.0423404844942292,0.304751102624354,0,17737.3751105958,0.0001708949115,65481090.2533626,1e-04,0,0.157214879989624,77.3567590713501,"5_261_2",5,261,2,1822,FALSE,TRUE,2,0.0461976899608353,4,FALSE
"71",1.2727156715,0.77215224924,0.25755317997,0.76314249875,0.42490358153,0.34316824336,0.54063391085,0.78201581421,0.39704717194,2.9910594065,0.72776106674,0.3661505653,1.4452637165,0.73306430251,0.03374160057,2.5582977715,0.314572888162,0.36803675255,0.71890381325,50074.541806577,401260.757521358,20517.7578078552,12163.3406757863,13693.5822886515,53935.2622461253,1.58186307447426,1.65834930173962,1.57624091608128,1.3380944326758,1.03490241313592,1.51654063871074,0.943231451174604,0.97553760055743,0.978587116796793,0.0517139586820928,0.040916455408703,0.0481841143211698,0.040916455408703,0.325926352588333,0,28886.5857762806,0.0003411780521,65481090.2533626,1e-04,0,0.165946960449219,77.6442790031433,"5_262_2",5,262,2,1829,FALSE,TRUE,2,0.0525286659371213,2,FALSE
"72",1.4323930175,0.80429526371,0.25810865826,0.9362423685,0.72590923431,0.38356806547,0.502945452195,0.320128335885,0.38887226146,2.88732769275,0.4406118112,0.37322611684,1.91912685525,0.59985594317,0.23502360639,2.51609009425,0.315301204086,0.37603666435,0.72016484,50225.2256791541,163393.800820442,12507.7277248386,12670.2771385709,13691.9253170933,96379.5247691327,1.60210774860386,1.63617819582223,1.59395268385964,1.33907675662618,1.30591562809329,1.61456081839015,0.942305453159793,0.971435112120075,0.97732256208842,0.0523147345735151,0.0443677590796455,0.0497583596523192,0.0443677590796455,0.258275538025622,0,25340.5486995099,0.0002870190315,65481090.2533626,1e-04,0,0.166673898696899,77.6596450805664,"5_262_4",5,262,4,1831,FALSE,TRUE,3,0.0332568485177716,9,TRUE
"73",1.212268412,0.85016746575,0.19741252623,1.0806375115,0.67981609183,0.38300413804,0.525592599625,0.362697771542,0.37662825232,2.90277253,0.359368104019,0.23936085343,1.987196351,0.69307806573,0.1283013444,2.937636432,0.312913880161,0.344285797225,0.72521668886,49722.1981270081,183705.186293883,10063.3457551244,13331.3838240921,14163.1131877519,90201.2311656339,1.52465781806084,1.60405750881537,1.31428936291522,1.23975955477679,1.14687908800071,1.61310549240976,0.943961562108171,0.968684794197616,0.975858754447463,0.0517821856382405,0.0463274756102037,0.0513538161476895,0.0463274756102037,0.256769677631256,0,24022.0806879819,0.0002668819222,65481090.2533626,1e-04,0,0.163861036300659,77.9303951263428,"5_263_2",5,263,2,1836,FALSE,TRUE,4,0.0340060661695714,8,FALSE
"74",1.46983497975,0.88846869564,0.2476342209,0.86636090625,0.9469529192,0.35211552922,0.5162647370125,0.4662142475,0.38127383857,2.840934426,0.55939480749,0.23063877883,2.42367473925,0.5320257436,0.07043034657,2.651159034,0.314698034533,0.305069104195,0.71830057589,49898.1182596383,236816.56883512,15664.1910603181,13983.962624194,10281.5521055774,121373.315819641,1.43873160403511,1.61609518722523,1.29942216599175,1.32079681987071,1.07568484625489,1.53720937920941,0.943806589911384,0.970107376021686,0.975448706727072,0.0516296685420707,0.0453871854052005,0.0517733478140601,0.0453871854052005,0.260953441073165,0,27252.0340894706,0.0003162133615,65481090.2533626,1e-04,0,0.167616844177246,77.9507300853729,"5_263_4",5,263,4,1838,FALSE,TRUE,4,0.0353695892515034,8,FALSE
"75",1.451162708,0.83432406237,0.1867270473,0.91785380125,0.77650009799,0.36984118654,0.5082407567125,0.56204583846,0.395650555,2.887916237,0.54357195065,0.37850521189,1.6532327825,0.64641379423,0.04165259148,2.5438914485,0.30756007525,0.322291698175,0.72363739724,48807.332814991,288128.232913065,15510.9645727222,13073.9810471606,12162.6117226483,101500.081912204,1.47524691989197,1.65451912826563,1.60742748736826,1.22380577633611,1.04343594176964,1.57986571712846,0.943769014523882,0.970336579748981,0.977135749106151,0.051871070920767,0.0450891048391271,0.049977137035116,0.0450891048391271,0.264685168155176,0,27091.1658697103,0.0003137564032,65481090.2533626,1e-04,0,0.169425010681152,77.9659969806671,"5_263_6",5,263,6,1840,FALSE,TRUE,4,0.0351113462977034,8,FALSE
"76",1.3737201145,0.85883571128,0.19139217024,1.032459691,0.96272468346,0.37003617568,0.5047614507625,0.37074436306,0.39679180987,2.92216170825,0.64411677335,0.39989122423,1.6376521385,0.4556926784,0.23846682714,2.662257652,0.330122747214,0.4103312231,0.72341595368,52775.9461159019,190201.079629035,18784.7980615033,13462.0476175101,10440.3044508455,125869.990857506,1.69509111183316,1.65764765710166,1.66441383954784,1.23071920867307,1.31177585100973,1.58034811719643,0.940919434635115,0.966844116895056,0.974795308781032,0.0531691464395847,0.0476695772953391,0.0524727198515611,0.0476695772953391,0.239454118210737,0,47893.7416883917,0.0006314764687,65481090.2533626,1e-04,0,0.16273307800293,78.2046229839325,"5_264_1",5,264,1,1842,FALSE,TRUE,3,0.0308745408107362,9,FALSE
"77",1.37562779225,0.80254468859,0.18140053164,0.97179492825,0.312169536701,0.33439925356,0.528068584225,0.316695958846,0.38996961691,2.9116725905,0.59406467699,0.29264722915,1.94572149225,0.46902797905,0.24652990329,2.46334832425,0.313684600272,0.36625553815,0.72060709703,49925.7897570555,161755.57299601,16641.1042287173,12571.8745328332,10840.7692769004,39255.8319651137,1.5774248008315,1.6391198453784,1.4130274480467,1.21600836223271,1.32570474417179,1.49681576425621,0.943233078330052,0.972575316572994,0.976537496467227,0.0518924666639782,0.0434732434917206,0.0506123190493099,0.0434732434917206,0.277285200380427,0,24239.3853309939,0.0002702008403,65481090.2533626,1e-04,0,0.165208101272583,78.21346616745,"5_264_2",5,264,2,1843,FALSE,TRUE,2,0.038994726322353,5,FALSE
"78",1.07108611075,0.7887374191,0.11243872725,0.90484326975,0.96737292426,0.37588656202,0.517838504485,0.83121949335,0.39397698796,2.74628233375,0.61570308287,0.26188202929,2.15391962675,0.92988675414,0.06685156638,2.524952274,0.3066716094193,0.35428238615,0.71826134744,48764.3151346864,425653.555676707,17243.2943774832,12313.7493387107,17910.0347145826,127316.587525056,1.54822416018695,1.64995264647511,1.35429252785153,1.12349401434394,1.07156773400163,1.59496013075111,0.944911090683726,0.974442931098572,0.977783307819244,0.0511197510237026,0.0419668868556496,0.0492502864123909,0.0419668868556496,0.287724523113823,0,12696.7706431265,9.39091961e-05,65481090.2533626,1e-04,0,0.16919207572937,78.2313470840454,"5_264_4",5,264,4,1845,FALSE,TRUE,1,0.0412238889918713,8,FALSE
"79",1.115824177,0.86966134169,0.08887331907,1.11056772475,0.94226675163,0.39045558886,0.5082109187225,0.39626077762,0.39864509596,2.94465801475,0.44713119477,0.25247903194,2.13055708325,0.320413984899,0.2160636027,2.60492230725,0.311172324233,0.38116796915,0.72490805468,49590.8956425333,203539.488236527,12521.6740482817,13566.3329414028,7165.92676203847,126105.655790764,1.61536748554331,1.66275334248138,1.3372992259761,1.09508777922867,1.27455294005229,1.63254964886514,0.943070901358628,0.968206848895034,0.974215825019747,0.0521920698862295,0.0466796711712594,0.0530724950350927,0.0466796711712594,0.239480275370362,0,40236.2628398353,0.0005145229384,65481090.2533626,1e-04,0,0.160688877105713,78.4891359806061,"5_265_1",5,265,1,1849,FALSE,TRUE,2,0.0313898603877222,3,FALSE
"80",0.87349770275,0.79730625056,0.06738605553,0.830659284,0.330620345077,0.30242064226,0.5078352268225,0.56784470573,0.37264091386,2.86296073775,0.63283630814,0.35960391943,1.939182975,0.82671413683,0.08354653917,2.3434904255,0.3017843350112,0.41963663575,0.71825259044,48302.4194122404,286911.541087985,17746.2845790939,12430.6185205613,16175.9689663771,40225.0032125152,1.72220759315811,1.59386747123646,1.5601982829472,1.07043722273772,1.09104468845083,1.4290307885962,0.943558983996879,0.97738200839152,0.979586907225957,0.0515645579893007,0.0393437268588718,0.047045784097443,0.0393437268588718,0.341817095528941,0,11389.5179276446,7.394337927e-05,65481090.2533626,1e-04,0,0.16065502166748,78.5213031768799,"5_265_5",5,265,5,1853,FALSE,TRUE,3,0.0572244538191885,2,FALSE
"81",1.00235808925,0.78708184868,0.18182301951,0.7591356855,0.6860557757,0.33902350876,0.50789102513,0.64596110661,0.39045724483,2.7073198175,0.52794415161,0.30749957665,1.6145060135,0.55941789692,0.21966015657,2.810592358,0.316482215729,0.33499047289,0.72097390901,50259.5216508112,330034.311617725,14791.2492451675,12329.9650644965,12559.3299932284,86698.4587470734,1.5033780445717,1.64043040979223,1.44323655589078,1.2166231363653,1.28038705722236,1.50715316913278,0.944000908961549,0.977245631632764,0.979128103594858,0.0513622897754944,0.0394621614730418,0.0475715455870917,0.0394621614730418,0.342547897091347,0,9338.47399436589,4.261755604e-05,65481090.2533626,1e-04,0,0.173874855041504,78.5493190288544,"5_265_7",5,265,7,1855,TRUE,TRUE,4,0.0576473498111873,4,FALSE
"82",0.80338763425,0.83022356338,0.015906785691,0.651481452875,0.63295693557,0.35562509992,0.507369264235,0.98597165371,0.38313271885,2.935509358,0.69225537729,0.390675823,1.59298223675,0.50471963085,0.012021248691,2.5038691785,0.313674473512,0.347110609535,0.71941670282,49852.5476649219,501413.913248915,19997.3087558099,12934.5070199996,9245.03806551485,81440.0978788035,1.53124426250595,1.62096265091096,1.63937287048709,1.01575730012964,1.0121653956259,1.54547127297787,0.943721345095218,0.977867747298481,0.979867274227781,0.0514903379590282,0.0389189654414292,0.0467215880127278,0.0389189654414292,0.319767185937525,0,12334.9741844448,8.838343835e-05,65481090.2533626,1e-04,0,0.167533874511719,78.7985901832581,"5_266_3",5,266,3,1858,FALSE,TRUE,1,0.0499777724691581,2,TRUE
"83",1.139353696,0.78230473403,0.11304525372,0.8936238745,0.53746817213,0.36417983542,0.50979407425,0.39083074063,0.38259936991,2.98276740675,0.43974147845,0.18492155992,2.2003444815,0.39615040092,0.23143472754,2.786229615,0.318520149144,0.342294467745,0.72098460464,50606.4028145904,198689.697554241,12312.4698832618,12213.6024552253,9007.21202580845,69811.3922753643,1.52004862930486,1.61956308663014,1.22667175102801,1.12424504596494,1.29986241859217,1.56598686507689,0.944294429807286,0.975955306560004,0.977424475512414,0.0512275044638728,0.040565618240066,0.0494749348442465,0.040565618240066,0.318998226940219,0,15923.9616474923,0.000143198445,65481090.2533626,1e-04,0,0.176904916763306,79.3899111747742,"5_268_2",5,268,2,1871,TRUE,TRUE,1,0.0508882321968748,3,FALSE
"84",1.4677144325,0.81435026867,0.04139146707,0.97188001825,0.4220625378,0.3210770962,0.536772080225,0.348419227808,0.36684162001,2.93158924025,0.62456980388,0.27846727264,2.13295077325,0.50164784801,0.22177027167,2.3201678165,0.3027884331615,0.40718331445,0.72098506931,48387.7944107566,175497.974341251,17493.5242515124,12690.3207710407,11287.8377267897,52338.4413931837,1.68610974060125,1.57927558089805,1.38533805790545,1.04209250856355,1.28383462918899,1.46781124047656,0.944302669544575,0.97837021659489,0.979258140555628,0.0512237156435872,0.0384746397703821,0.0474231229334857,0.0384746397703821,0.41272837868265,0,9073.73797973176,3.85742133e-05,65481090.2533626,1e-04,0,0.171103954315186,79.6769580841064,"5_269_1",5,269,1,1877,TRUE,TRUE,4,0.080803980024197,5,FALSE
"85",1.107108657,0.77675425133,0.09328522218,0.717007104025,0.4920245768,0.30487347616,0.50194347912325,0.91190825318,0.37329954289,2.98979753375,0.6838964171,0.33522377149,1.55972485575,0.54777764564,0.28591661709,2.361896431,0.3046396446845,0.38292044235,0.71755098758,48557.8599963353,460938.96332702,19168.2896369762,12118.6572922228,13228.1706824093,60010.4565088422,1.61994633350634,1.59554173458215,1.50320829272191,1.10029370146858,1.39818222707523,1.43401212726964,0.944086869314525,0.978444156940331,0.979773233933419,0.0513228532764769,0.0384088216460734,0.046830579540063,0.0384088216460734,0.415715483101462,0,11239.8183258198,7.165700052e-05,65481090.2533626,1e-04,0,0.178071022033691,79.7093122005463,"5_269_5",5,269,5,1881,TRUE,TRUE,3,0.0816590553785813,4,FALSE
"86",1.21507913,0.7755979984,0.16299311877,0.85281168075,0.60673703466,0.3766352248,0.50533014219,0.54105160121,0.37914613477,2.805219051,0.44013057429,0.24790541746,1.87591837625,0.52178880031,0.12246200007,2.39669840425,0.3069512206918,0.331134806295,0.72461674856,48734.7555014944,274467.170428197,12325.3633433709,12136.8845667092,10601.5214204897,79921.0058394262,1.49472420131281,1.61055953631428,1.32918632650973,1.18982476964129,1.1392761848238,1.596849521999,0.945002786705735,0.971916916363326,0.97655226871731,0.0512988594354858,0.0438715923456673,0.0506108113208144,0.0438715923456673,0.279617436811083,0,20740.6420612133,0.0002167641433,65481090.2533626,1e-04,0,0.173837184906006,79.9687759876251,"5_270_1",5,270,1,1884,FALSE,TRUE,3,0.0396529685053932,8,FALSE
"87",1.31791760875,0.78708184868,0.18182301951,0.7591356855,0.6860557757,0.33902350876,0.50789102513,0.64596110661,0.39045724483,2.7073198175,0.52794415161,0.30749957665,1.6145060135,0.59924971433,0.14315678253,2.6463384965,0.310353502208,0.33499047289,0.72097390901,49286.2403901539,330034.311617725,14791.2492451675,12329.9650644965,12428.2580668126,86698.4587470734,1.5033780445717,1.64043040979223,1.44323655589078,1.2166231363653,1.16668071459758,1.50715316913278,0.944311074453852,0.977585475472739,0.979283908514672,0.0512198505846816,0.0391663627930237,0.0473936565094287,0.0391663627930237,0.353703032186628,0,9338.47399436589,4.261755604e-05,65481090.2533626,1e-04,0,0.175646066665649,79.9786100387573,"5_270_2",5,270,2,1885,TRUE,TRUE,3,0.0612239770610947,8,FALSE
"88",1.389622589,0.86039465923,0.15253572786,0.9503308665,0.95095825207,0.37170561229,0.501998674276,0.57299266897,0.38972384317,2.96638466225,0.55797739177,0.25448588668,2.024910512,0.43304400725,0.04737301326,2.63161760625,0.3038274347349,0.302422709203,0.72280294667,48168.9003148321,292615.503728306,15626.0180296013,13456.3875987066,8190.92653586566,124565.563315617,1.43328001854203,1.63846008867787,1.34089030600575,1.17545555154533,1.04969350099271,1.58449036381463,0.943426353736997,0.967018228616608,0.97384309806421,0.0520288770298878,0.0475442487512616,0.0534547173249324,0.0475442487512616,0.246569162838072,0,43530.7016595601,0.0005648392707,65481090.2533626,1e-04,0,0.17536997795105,79.9935810565948,"5_270_4",5,270,4,1887,FALSE,TRUE,4,0.0332257569924785,8,FALSE
"89",1.031933752,0.80217913004,0.20831592393,1.0554758735,0.86401189208,0.39893454634,0.517183606025,0.335936496638,0.39354768724,2.92045664975,0.43276922141,0.17450687659,2.421349463,0.3025152739416,0.25397034216,2.817147823,0.321917783517,0.39366645865,0.72442701872,51367.2222799451,171979.493209845,12117.1140571112,12588.1727800727,7049.47455771436,116786.139945316,1.64859969232947,1.64878531573894,1.21121991477127,1.25648165022139,1.33882038699592,1.65525304471841,0.942571907271141,0.967403606838086,0.973110386405352,0.0524203074181439,0.0472656652338411,0.0541982377726417,0.0472656652338411,0.22454286518049,0,42988.9930132316,0.000556565694,65481090.2533626,1e-04,0,0.173639059066772,80.0153880119324,"5_270_7",5,270,7,1890,FALSE,TRUE,1,0.0296603122972558,3,FALSE
"90",1.4323930175,0.80429526371,0.25810865826,0.9362423685,0.72590923431,0.38356806547,0.502945452195,0.320128335885,0.39456855718,2.9232754585,0.59853272085,0.2901367069,1.949748057,0.48636937452,0.06478011006,2.44684481325,0.3052143290668,0.37603666435,0.72016484,48618.4586650371,163995.436449264,16765.8745236714,12670.2771385709,9349.53022221507,96379.5247691327,1.60210774860386,1.65156391708054,1.40804511185991,1.33907675662618,1.0691988631818,1.61456081839015,0.94343339145873,0.972642586279888,0.976667862222081,0.0518008294197104,0.0434198932336387,0.0504715134428687,0.0434198932336387,0.255919195855346,0,25340.5486995099,0.0002870190315,65481090.2533626,1e-04,0,0.170400142669678,80.2531991004944,"5_271_1",5,271,1,1891,FALSE,TRUE,1,0.0331513220406897,9,FALSE
"91",1.0632323845,0.81243852751,0.01149087339,0.8835256165,0.5939266316,0.31641547771,0.514907674655,0.46187525816,0.39314481832,2.95334341325,0.66353043699,0.31494887719,1.69294975225,0.54358902288,0.28837140504,2.68641871425,0.305861608375,0.318254078105,0.72110218133,48527.5665756811,236390.874343982,18591.6656163242,12657.1669409916,13163.5560985054,73296.6898616157,1.46652135746617,1.64769135687489,1.45887752792677,1.0113320369766,1.40296007391041,1.45792559790884,0.944395637124147,0.977453325460187,0.979581626368722,0.0511809475820573,0.0392816502911175,0.0470518690647284,0.0392816502911175,0.34495735958939,0,11346.1171406829,7.32805142e-05,65481090.2533626,1e-04,0,0.17478609085083,80.3043260574341,"5_271_7",5,271,7,1897,TRUE,TRUE,3,0.0582501645567009,5,TRUE
"92",1.46983497975,0.88846869564,0.2476342209,0.86636090625,0.9469529192,0.39077002402,0.510510699035,0.63053784008,0.38929871365,2.999232156,0.69973147172,0.27653206456,2.06550567375,0.3800447641,0.07043034657,2.651159034,0.314698034533,0.305069104195,0.71830057589,49898.1182596383,321914.93194148,19598.4401111647,13983.962624194,7344.47550997423,126779.166163182,1.43873160403511,1.63732012001767,1.38164273487487,1.32079681987071,1.07568484625489,1.63338046159406,0.943469017134478,0.971477738002612,0.976179203975575,0.051784514757614,0.044334642881851,0.0509973015600849,0.044334642881851,0.254187266985012,0,27252.0340894706,0.0003162133615,65481090.2533626,1e-04,0,0.169415950775146,80.5378441810608,"5_272_1",5,272,1,1898,FALSE,TRUE,2,0.0330986076924776,8,FALSE
"93",1.50801446075,0.79163021236,0.25198201536,1.010103252,0.8090855455,0.39284349334,0.5096977071825,0.38328793452,0.38996961691,2.9116725905,0.59406467699,0.29264722915,1.94572149225,0.46902797905,0.24652990329,2.46334832425,0.313684600272,0.3912675903,0.72031364744,50040.99253642,195768.078938096,16641.1042287173,12464.2847514489,10840.7692769004,108583.339110432,1.64211598061902,1.6391198453784,1.4130274480467,1.32832263524377,1.32570474417179,1.63888030428164,0.942335190469539,0.970423305574895,0.975017697721732,0.0523012506303575,0.0451467039788033,0.0522258228169234,0.0451467039788033,0.262020370553932,0,36160.1143997726,0.0004522674677,65481090.2533626,1e-04,0,0.172008991241455,80.584468126297,"5_272_6",5,272,6,1903,FALSE,TRUE,4,0.0359663803581334,9,FALSE
"94",1.375903053,0.8147241897,0.24542593062,0.93682356825,0.69442474316,0.3802212562,0.50617922729,0.43160783944,0.39408448534,2.896869686,0.61014308528,0.29326767871,1.9556746005,0.90963528955,0.08633147637,2.507358564,0.314272788432,0.41055761195,0.72040197905,50243.4352213326,221034.574566348,17091.5976893244,12820.9462812333,17845.7355031383,91846.1936221036,1.69574070752401,1.65024520597401,1.41426419570018,1.31700748062488,1.09436190433618,1.60596195865518,0.943076084312848,0.971910429416553,0.976575386084705,0.0519641737572884,0.0439970727011225,0.0505714355978078,0.0439970727011225,0.27151164562801,0,24199.2316406789,0.0002695875685,65481090.2533626,1e-04,0,0.17130708694458,80.8680911064148,"5_273_6",5,273,6,1910,FALSE,TRUE,3,0.0373610155800334,8,FALSE
"95",1.34926809,0.8221012167,0.26587551837,0.7247280142,0.38879059189,0.29443594234,0.5188229835525,0.96666870732,0.38017200799,2.98979753375,0.6838964171,0.33522377149,1.55972485575,0.54777764564,0.28591661709,2.361896431,0.3046396446845,0.38292044235,0.71755098758,48557.8599963353,490688.68280659,19168.2896369762,12959.5379154908,13228.1706824093,46926.4490410159,1.61994633350634,1.61322381456993,1.50320829272191,1.35296703369761,1.39818222707523,1.41305176228631,0.944051128087634,0.978504245566408,0.979728962589303,0.051339254152928,0.0383552504647436,0.0468818017541525,0.0383552504647436,0.424865847222554,0,11239.8183258198,7.165700052e-05,65481090.2533626,1e-04,0,0.170490026473999,80.8722591400146,"5_273_7",5,273,7,1911,TRUE,TRUE,2,0.0847446923942628,4,FALSE
"96",1.243494164,0.74616312587,0.16747939032,0.6964515637,0.39210034708,0.39301469803,0.5047829431725,0.84075972013,0.38744818753,2.8783407515,0.40113158384,0.39399846934,1.91147155475,0.62822758535,0.23296297497,2.527577771,0.3036472605897,0.43994176795,0.72090941657,48742.4887681198,428734.831714664,11627.1445715148,11679.1708494338,14307.5461904141,52632.3511379478,1.78449055742225,1.63237641260652,1.64831466804756,1.19609972286949,1.30243324427847,1.63933607744308,0.941915017940147,0.974052085624693,0.977756199327767,0.0524914503649902,0.0422865700618731,0.0492803245012987,0.0422865700618731,0.309193533828739,0,17737.3751105958,0.0001708949115,65481090.2533626,1e-04,0,0.172802925109863,81.1090362071991,"5_274_1",5,274,1,1912,FALSE,TRUE,2,0.0477485924242597,4,FALSE
"97",1.64023590975,0.75060194123,0.21537670278,0.80739613475,0.50955542027,0.37260987028,0.50112859663625,0.309750061398,0.38762817394,2.896887119,0.59853272085,0.2901367069,1.949748057,0.48636937452,0.24326613198,2.470139387,0.315301204086,0.37603666435,0.72016484,50225.2256791541,157971.246714418,16765.8745236714,11784.6769886831,11201.549928971,66814.5634454778,1.60210774860386,1.63285593907606,1.40804511185991,1.2675578178271,1.3200314788612,1.58674310743156,0.9441790458439,0.977880451807511,0.978934712759847,0.0512805312513296,0.0389077935708717,0.0477914271022689,0.0389077935708717,0.341928255917634,0,12543.0466950558,9.156135306e-05,65481090.2533626,1e-04,0,0.17038106918335,81.4129321575165,"5_275_3",5,275,3,1921,TRUE,TRUE,1,0.0575252026058434,9,FALSE
"98",1.38656603875,0.7675687926,0.27427158354,0.91035806075,0.63565710388,0.37918190911,0.5072346150075,0.41164335735,0.39000475666,2.74501253425,0.5123064083,0.36080548591,1.7472194825,0.46486039325,0.22561882641,2.38648653275,0.312913880161,0.344285797225,0.72521668886,49722.1981270081,210255.63082184,14369.9305364002,12109.0065707954,10503.3853545798,83973.6834032968,1.52465781806084,1.63921421814022,1.56311835412003,1.36831571647931,1.29017006608688,1.60331019852973,0.943850104099336,0.97141976476003,0.977433708362514,0.0518336563120923,0.0442582156447567,0.049650426497235,0.0442582156447567,0.272410990812306,0,24022.0806879819,0.0002668819222,65481090.2533626,1e-04,0,0.150588989257812,81.6624121665955,"5_276_1",5,276,1,1926,FALSE,TRUE,4,0.0370309289078216,9,FALSE
"99",1.3196604085,0.84223057476,0.17815888443,1.0284997185,0.80763666401,0.39574606762,0.5147230793975,0.37862636033,0.39052989667,2.92191553375,0.43618357032,0.19573437691,1.99810671825,0.53559008228,0.09914077422,2.4588031275,0.310122955955,0.398849797,0.72329661689,49512.7719777497,193456.733025142,12213.0350247157,13190.9850143058,10637.4043812034,108757.58060586,1.66278524519782,1.64062585044674,1.24313553319256,1.21131234162453,1.10987943435047,1.64664183439079,0.945135276635004,0.97342843579428,0.976932863418145,0.0512370319347719,0.0426746100679343,0.0501983831108544,0.0426746100679343,0.317290439446758,0,16072.1525292637,0.0001454617809,65481090.2533626,1e-04,0,0.156836032867432,81.6901631355286,"5_276_4",5,276,4,1929,TRUE,TRUE,4,0.0506854300370038,8,FALSE
"100",1.55535695375,0.68580024406,0.2448241926,1.010103252,0.8090855455,0.39284349334,0.5096977071825,0.38328793452,0.38996961691,2.9149225615,0.50780779775,0.22230395017,2.0671233345,0.46022854428,0.2036097318,2.56779566725,0.312312554142,0.349786091575,0.71698220972,49645.2907297662,195768.078938096,14219.2960797081,10791.5988220155,10157.6534709595,108583.339110432,1.5375350954074,1.6391198453784,1.28552484902522,1.31597875150756,1.25475129724836,1.63888030428164,0.944808665996982,0.976873668860334,0.9781400287154,0.0509905073904098,0.0397833954749334,0.0486845432692218,0.0397833954749334,0.331142388221233,0,14163.1293160078,0.000116305056,65481090.2533626,1e-04,0,0.158912897109985,81.9361371994019,"5_277_1",5,277,1,1933,TRUE,TRUE,3,0.0543943540076632,9,FALSE
"101",1.08304426525,0.85770095213,0.17489339913,0.8522994895,0.91308982861,0.36906358306,0.517838504485,0.83121949335,0.39397698796,2.74628233375,0.61570308287,0.26188202929,2.15391962675,0.88739124661,0.08946810753,2.5620937165,0.308637319908,0.3806970134,0.71877166811,49184.7238566637,425653.555676707,17243.2943774832,13430.6932599096,17461.573776435,119250.1598362,1.6141413753325,1.64995264647511,1.35429252785153,1.20661902933693,1.09812195722035,1.5779448630359,0.944632539386915,0.97468994561074,0.977875145190582,0.0512488288941912,0.0417635849756918,0.0491483877881203,0.0417635849756918,0.291384825686373,0,12253.9157440323,8.714542373e-05,65481090.2533626,1e-04,0,0.157869100570679,81.951672077179,"5_277_3",5,277,3,1935,FALSE,TRUE,1,0.0422593632048923,8,FALSE
"102",0.80338763425,0.83022356338,0.015906785691,0.651481452875,0.48393770087,0.32730552628,0.5165715445875,0.78988304862,0.37782111715,2.9194449715,0.80808638496,0.33122032504,2.11293089375,0.339640273036,0.012021248691,2.5038691785,0.313674473512,0.347110609535,0.71941670282,49852.5476649219,400367.225371148,22647.530459086,12934.5070199996,6221.25049408444,60402.4434909438,1.53124426250595,1.60713133973036,1.49424365854052,1.01575730012964,1.0121653956259,1.48123047493032,0.943996173712849,0.977840665152663,0.979586892876393,0.0513644613114077,0.0389427697706535,0.0470458006330652,0.0389427697706535,0.329290001997721,0,12334.9741844448,8.838343835e-05,65481090.2533626,1e-04,0,0.157848119735718,82.4864180088043,"5_279_2",5,279,2,1948,FALSE,TRUE,2,0.0531639443609839,2,FALSE
"103",1.26643749,0.8055689604,0.14034772176,1.1402093805,0.71499265738,0.3706149727,0.5156037701625,0.39191560973,0.39916383337,2.9278174245,0.54881090745,0.17167845322,2.67585432875,0.31828000356,0.15108754188,2.723844591,0.322257922225,0.44299153095,0.72436905149,51754.8713642542,201376.512949626,15366.1274242506,12591.3986747875,6653.90320988935,93541.5342398508,1.79423547456644,1.66418806449292,1.20709026155693,1.15914893574256,1.17753122436077,1.58178178810944,0.942482878165565,0.968329134678142,0.973306995435488,0.0524609245230285,0.0465898128301093,0.0539997333834906,0.0465898128301093,0.242745912369808,0,42016.031548165,0.0005417055448,65481090.2533626,1e-04,0,0.172376871109009,82.516371011734,"5_279_4",5,279,4,1950,FALSE,TRUE,2,0.0328582753658644,3,FALSE
"104",1.64023590975,0.75060194123,0.21537670278,0.80739613475,0.50955542027,0.37482730375,0.50112859663625,0.309750061398,0.38762817394,2.896887119,0.59853272085,0.2901367069,1.949748057,0.48636937452,0.24326613198,2.470139387,0.315301204086,0.37603666435,0.72016484,50225.2256791541,157971.246714418,16765.8745236714,11784.6769886831,11201.549928971,66982.3903641474,1.60210774860386,1.63285593907606,1.40804511185991,1.2675578178271,1.3200314788612,1.59229451705214,0.944178248401884,0.97788691385786,0.978919851266867,0.0512808975394444,0.0389021098542693,0.0478082824796567,0.0389021098542693,0.341930654494591,0,12543.0466950558,9.156135306e-05,65481090.2533626,1e-04,0,0.16236400604248,82.5164082050323,"5_279_5",5,279,5,1951,TRUE,TRUE,1,0.0575320734975618,9,FALSE
"105",1.2572036365,0.84378216725,0.27471866214,1.0553436935,0.88109974482,0.38891650666,0.5082399818025,0.359544044448,0.39948185101,2.949913071,0.59107078056,0.28237305703,1.996304215,0.51384133575,0.04566741606,2.407364099,0.3022647725009,0.3818461226,0.7207303643,48174.3984239245,184781.978657415,16555.7555323436,13311.8752204806,9703.92942747731,117708.988819214,1.61713629301482,1.66506886025357,1.39285651897112,1.36914293772164,1.047820018688,1.62849518756756,0.942757865545322,0.970346387531366,0.975328749297528,0.0521092176237536,0.0452053708008686,0.0518996757817422,0.0452053708008686,0.261418276726391,0,35531.8615167326,0.0004426720912,65481090.2533626,1e-04,0,0.153277158737183,82.7465381622314,"5_280_1",5,280,1,1954,FALSE,TRUE,4,0.0355788221545672,8,FALSE
"106",1.46983497975,0.83120823567,0.23023464954,0.7898396805,0.74856233387,0.38952289984,0.537275302925,0.67018046723,0.37994103661,2.89751794475,0.47793671021,0.23222030722,1.84618769775,0.57395864048,0.03164168478,2.6158180475,0.3064466045504,0.3823028892,0.71830057589,48843.0059274783,340140.055750654,13383.268354516,13064.6257255814,10701.0244857928,100073.269784753,1.61832984347035,1.6126231947084,1.30209303350349,1.29152723932065,1.03266032281696,1.63009022540533,0.943291080934501,0.971668129645987,0.974924043721783,0.0518659488664967,0.0441864239403308,0.0523236236864311,0.0441864239403308,0.295364544103402,0,27252.0340894706,0.0003162133615,65481090.2533626,1e-04,0,0.15998911857605,82.7914350032806,"5_280_5",5,280,5,1958,FALSE,TRUE,4,0.0451855979132786,8,FALSE
"107",1.139353696,0.78230473403,0.19037266248,0.670006589625,0.65329515991,0.34264747303,0.5013025931425,0.89266480098,0.38679442552,2.805316444,0.73473738308,0.28416656242,1.20759260975,0.68531705303,0.09122178555,2.28417450975,0.3019815775721,0.340304185295,0.71972172665,47972.5942036551,455013.969308397,20580.1241741636,12261.6455783313,13507.9292958257,82879.7753846982,1.51546956649444,1.63063700045658,1.39633622970375,1.22920156976718,1.10023532649506,1.51535472372923,0.944938315975837,0.979148502672554,0.979904656523346,0.0509305812686847,0.0377760983488202,0.0466781917102173,0.0377760983488202,0.407341567247078,0,7784.38155245795,1.888172848e-05,65481090.2533626,1e-04,0,0.156443119049072,83.0286900997162,"5_281_1",5,281,1,1961,TRUE,TRUE,1,0.0788136889691896,2,FALSE
"108",1.41631340675,0.84525414538,0.13555508841,0.94297173975,0.67848354425,0.37322604952,0.501469681786,0.52304171638,0.39425509807,2.9426005895,0.58033903114,0.3436064779,1.80823289075,0.45545436347,0.21685230483,2.7592338125,0.318263678937,0.37099399245,0.7210523897,50674.7141143689,267889.315954338,16268.341240628,13208.7701753743,10194.6280439732,89026.9273332836,1.58928695026649,1.65070974992748,1.52233014391814,1.1528625721656,1.27582781747131,1.5882818436607,0.943466006503174,0.976111094689582,0.978749617607189,0.0516070126690045,0.0404339902051538,0.0480009332560156,0.0404339902051538,0.333671171720565,0,20736.7991442688,0.00021670545,65481090.2533626,1e-04,0,0.159228086471558,83.3288431167603,"5_282_5",5,282,5,1972,TRUE,TRUE,4,0.0549368668873602,9,FALSE
"109",1.09470758575,0.78708184868,0.18182301951,0.7591356855,0.6860557757,0.33902350876,0.50789102513,0.64596110661,0.39045724483,2.8739307835,0.46965943113,0.118411385032,2.748997322,0.359793740685,0.19170847911,2.66272387975,0.313108922666,0.44453216315,0.72097390901,50298.0113841345,330034.311617725,13149.6423236273,12329.9650644965,7842.29950001845,86698.4587470734,1.79919873149362,1.64043040979223,1.13424378980846,1.2166231363653,1.23638900738247,1.50715316913278,0.944102158715896,0.97799619595269,0.97762101577225,0.0513158356998847,0.0388058643664493,0.0492591021439391,0.0388058643664493,0.35867340463787,0,9338.47399436589,4.261755604e-05,65481090.2533626,1e-04,0,0.152169942855835,83.5615301132202,"5_283_1",5,283,1,1975,TRUE,TRUE,1,0.0634853922905141,3,FALSE
"110",1.1461557075,0.81731494892,0.14064472272,0.71814858265,0.41807106122,0.36070553563,0.502075508883,0.43652987278,0.38395966693,2.89461090475,0.62437839,0.30573045604,1.878478736,0.56051062933,0.23954628567,2.426659096,0.3054037886168,0.3596487029,0.7182668741,48582.2986338438,222111.846381909,17492.655557601,12775.172197271,12856.8600676421,54093.8344213482,1.56117726135319,1.62313743545477,1.43957094478937,1.15954080833753,1.31362378092017,1.55758964351216,0.94444172069825,0.978606411050671,0.979304803729828,0.0511597344095715,0.0382639940743546,0.0473697487541371,0.0382639940743546,0.366487503567269,0,9219.73422163446,4.080403022e-05,65481090.2533626,1e-04,0,0.157553195953369,83.5978751182556,"5_283_5",5,283,5,1979,TRUE,TRUE,1,0.0654164668655011,5,FALSE
"111",1.49093296875,0.83883889262,0.21499019313,0.78061591775,0.74687574071,0.38210160136,0.505568259825,0.346778566548,0.39192994324,2.904286255,0.58841478715,0.30551936218,1.9049813755,0.52586179784,0.20007100431,2.4504788645,0.3014806053262,0.301326691161,0.7242080858,47794.582507797,177344.186233814,16485.0550768192,13169.6585133925,11563.016946235,98996.4211083645,1.43103427184537,1.64440122293814,1.43913479656953,1.26694636216043,1.24923532337557,1.61078176915785,0.944590539385116,0.97100125335459,0.976505880747365,0.051490763116134,0.0445810830314997,0.0506608496966022,0.0445810830314997,0.252842448469006,0,26099.6486182172,0.0002986128494,65481090.2533626,1e-04,0,0.1529860496521,83.8365390300751,"5_284_2",5,284,2,1983,FALSE,TRUE,2,0.0325156293043614,9,FALSE
"112",1.18200853825,0.8187255717,0.20428149987,0.7913892255,0.67617965077,0.39377093914,0.5178949593925,0.33161550994,0.39992918302,2.7759286245,0.51202839028,0.19010606635,2.29042959925,0.82912940059,0.04054551135,2.616650627,0.316620765728,0.341100050455,0.71917820987,50300.7351997769,170478.992013989,14336.552528264,12844.2600247539,15584.6720443108,90845.0594781457,1.51729731436256,1.66630938865168,1.23451119253318,1.25024092796736,1.04223339917038,1.64135234366604,0.944451509291836,0.97183600136751,0.976181931920951,0.0513325424067473,0.0440553229684624,0.0509943813840344,0.0440553229684624,0.246331416874944,0,16742.6962375065,0.0001557030699,65481090.2533626,1e-04,0,0.155403852462769,83.8551261425018,"5_284_4",5,284,4,1985,FALSE,TRUE,1,0.0311980458090857,8,FALSE
"113",1.243751521,0.72864518928,0.28846293555,0.76811500175,0.94250519473,0.36628056604,0.506424302035,0.41164335735,0.39000475666,2.74501253425,0.62152339723,0.30980165806,2.0207319395,0.48521698874,0.22749878448,2.38228509025,0.3060275869297,0.3844764404,0.72053378552,48786.3922450274,210255.63082184,17413.5139141776,11510.1911734415,10985.5465136681,122708.671398724,1.62403359234337,1.63921421814022,1.44803437450724,1.39507878515792,1.29328737892371,1.57110828634712,0.94438553573403,0.978359107171391,0.979502521517111,0.0511855962751931,0.0384845191156652,0.0471429251199552,0.0384845191156652,0.36761875880589,0,9689.14395553994,4.797337755e-05,65481090.2533626,1e-04,0,0.160753011703491,83.8684430122375,"5_284_5",5,284,5,1986,TRUE,TRUE,2,0.0657198272088146,9,FALSE
"114",1.139353696,0.78230473403,0.19037266248,0.8235295,0.88352811692,0.39241823659,0.5112420982175,0.6181873373,0.3933758413,2.93675786625,0.50968629696,0.19893923446,2.2003444815,0.39615040092,0.23143472754,2.786229615,0.318520149144,0.342294467745,0.72098460464,50606.4028145904,316439.845055406,14271.1682328522,12261.6455783313,9007.21202580845,118515.087621414,1.52004862930486,1.6483185041555,1.24810025036986,1.22920156976718,1.29986241859217,1.63774930120761,0.94447775389271,0.97637002714981,0.977540695506906,0.051143141494186,0.0402142606384478,0.0493474207290298,0.0402142606384478,0.32639734054981,0,15923.9616474923,0.000143198445,65481090.2533626,1e-04,0,0.162358045578003,84.1208491325378,"5_285_3",5,285,3,1991,TRUE,TRUE,2,0.0531602502612901,3,FALSE
"115",1.261948662,0.78855160123,0.06028500906,1.216991043,0.63534185027,0.35047418662,0.513902597425,0.4437269463,0.39599196982,2.95775503725,0.54012798712,0.17119470475,2.69332878975,0.40176860645,0.26384443449,2.9746009855,0.329237962054,0.3929608769,0.71963400146,52531.3903138051,227523.777820325,15123.0083227265,12292.2555898061,9465.16315770064,81287.7113697576,1.64668733486826,1.65545381323003,1.20638677108097,1.06253853576573,1.35662796204818,1.53337571523984,0.942412419237786,0.969377256581382,0.974135274754091,0.0522662161397782,0.0459381265562409,0.0531401769538402,0.0459381265562409,0.228343671984739,0,35663.424686752,0.0004446814702,65481090.2533626,1e-04,0,0.156093835830688,84.1221880912781,"5_285_4",5,285,4,1992,FALSE,TRUE,1,0.0293110279858481,3,FALSE
"116",0.880449619,0.84868304484,0.10701439857,1.010103252,0.8090855455,0.39284349334,0.5096977071825,0.68912694394,0.38173949359,2.91861484425,0.58588148876,0.20720125339,2.48161496375,0.47275982437,0.14675705334,2.2294911985,0.3034886140744,0.3629445798,0.71993422613,48290.0956684172,350148.361554845,16404.8769870434,13246.9746887115,9840.40280511438,108583.339110432,1.5692405280941,1.61731175745351,1.26108326361136,1.11682266654889,1.17158184539845,1.63888030428164,0.94519935951603,0.975493428599649,0.977540929876065,0.0509858260682778,0.0410953335560445,0.0495182111237533,0.0410953335560445,0.304169608293922,0,14189.2338915591,0.0001167037541,65481090.2533626,1e-04,0,0.162883996963501,84.1359751224518,"5_285_5",5,285,5,1993,FALSE,TRUE,1,0.0463179804965406,3,TRUE
"117",1.500226892,0.82235916222,0.26965576275,0.666133369,0.60122156309,0.37700086108,0.526472496775,0.59316332794,0.3798071044,2.9520387655,0.55674831504,0.1947666943,2.477292809,0.316455446245,0.20469400128,2.5834779785,0.312452377112,0.4220642101,0.71888637401,50026.0594672007,301026.106398832,15588.7953993245,12967.962652634,6992.45775259381,79227.4259075046,1.72942460274706,1.61227512093089,1.24164420152122,1.35983411940066,1.25645105503336,1.59777390139896,0.944238107503623,0.978842595725176,0.978031600200565,0.0512533952511151,0.0380521911194915,0.0488051349879843,0.0380521911194915,0.389118773332703,0,8385.56881545064,2.806372874e-05,65481090.2533626,1e-04,0,0.167848110198975,84.1481871604919,"5_285_6",5,285,6,1994,TRUE,TRUE,1,0.0733257902781115,3,FALSE
"118",1.2347298215,0.76920144187,0.21278504097,0.903660366,0.6372629197,0.38759063821,0.512505884315,0.338249840342,0.38690195305,2.90669215525,0.47379332026,0.19960789009,2.34731732375,0.330881900658,0.24871869621,2.745387707,0.32075390646,0.3897563501,0.72440593703,51160.8275197081,172426.332394477,13266.1833565375,12074.4605428276,7666.12402058102,85003.3686826681,1.63805742709223,1.63092283580548,1.24914106645923,1.26346928239824,1.32953654797736,1.62501851343542,0.943515541773573,0.969947274622684,0.974629753624537,0.0519878492368254,0.0453840169099167,0.0526447693866584,0.0453840169099167,0.238403453028875,0,30700.9694869817,0.0003688893373,65481090.2533626,1e-04,0,0.147109985351562,84.3652851581573,"5_286_1",5,286,1,1996,FALSE,TRUE,1,0.0308019698046942,3,FALSE
"119",1.04447395425,0.80682500687,0.09415131783,1.060588457,0.76173788997,0.37163099974,0.5156405192825,0.79452421669,0.39386713528,2.75762804425,0.58198870525,0.27299876848,2.067555306,0.84163795392,0.06537580293,2.536287366,0.3055543773782,0.3530921121,0.71972013992,48582.4521113892,406833.483235645,16300.2317959281,12588.1538842613,16187.9215045048,99771.2850847141,1.54538010961354,1.64965378395818,1.37494622863776,1.1013216216623,1.06987902469822,1.5843047699657,0.944643705867917,0.973858918328828,0.977535931053296,0.0512436607148625,0.0424436778041244,0.0495237215698184,0.0424436778041244,0.285024380042497,0,15644.3371305357,0.0001389277085,65481090.2533626,1e-04,0,0.167155027389526,84.4084460735321,"5_286_4",5,286,4,1999,FALSE,TRUE,1,0.0405792387000774,8,FALSE
"120",1.87040664125,0.7698248289,0.23037293499,0.749738503175,0.38959111861,0.35499174496,0.5077981917325,0.3902895427,0.39425509807,2.9426005895,0.58033903114,0.3436064779,1.80823289075,0.61339653639,0.23203101546,2.244918673,0.309307152456,0.3530993935,0.7172864126,49179.1607502553,199896.863565035,16268.341240628,12099.9522403828,13955.6989512257,50092.3275287261,1.54539747615555,1.65070974992748,1.52233014391814,1.29175466160413,1.30086430107245,1.54397373158114,0.944224290335672,0.977868787217072,0.979408501047144,0.0512597448643943,0.0389180510963852,0.0472509220335121,0.0389180510963852,0.369901759063363,0,13914.1070107785,0.0001125017105,65481090.2533626,1e-04,0,0.154290914535522,84.419426202774,"5_286_7",5,286,7,2002,TRUE,TRUE,4,0.0665065483109101,9,FALSE
